tag,x,y,z
en:Stoner_rock,18.92653,5.4818726,-2.429703
es:Hip_hop_soul,-24.733915,7.530834,-4.73341
es:Breakbeat,-11.520372,10.198359,-14.71151
nl:Groovemetal,6.582006,18.09698,-12.509251
cs:New_Age,-13.554271,-7.27048,1.4399652
en:Anarcho-punk,18.492043,2.1977262,-14.438103
en:Extreme_metal,13.457509,25.239244,-1.3185111
fr:Folk,10.462101,-15.05769,12.124622
es:Turbo-folk,9.013712,-13.100977,14.932607
es:Rocksteady,-21.401278,0.7378681,11.942184
ja:シンフォニックメタル,5.760398,24.951366,11.316338
fr:New_age,-13.980284,-7.2874136,0.7465983
en:Comedy_music,3.6516082,-5.4099216,1.6106573
nl:Elektronische_muziek,-4.2973714,-1.7635741,-7.7168455
en:Funk_music,-11.041511,21.353212,8.763293
es:Música_instrumental,-7.197826,8.848233,-2.0258715
en:Madchester,16.318523,-9.556616,-13.669467
nl:Easy_listening,-21.705511,-7.182514,-4.3945417
es:Folk-rock,12.545785,-13.525777,14.448723
en:Gothic_metal,29.542048,8.772761,-2.4543972
fr:Ska_punk,26.339231,-6.9486814,-8.666363
fr:Musique_de_film,-2.5321596,-5.6227746,2.073346
es:Rock_gótico,27.662542,6.654054,-5.5852456
en:Rock_Music,13.90697,-1.0249093,5.681419
es:Dance_rock,-9.055274,-10.046787,-10.592074
es:Viking_metal,16.984797,24.37681,6.8585258
en:Blues-rock,6.887168,4.7982492,21.345644
fr:Metalcore,10.857239,17.102938,-18.041973
nl:Shoegaze,8.722014,-4.608242,-8.38056
fr:Pop_latino,-8.411719,-16.057587,16.812906
en:Post-metal,9.692863,23.763418,-1.8076818
en:Cool_jazz,-14.662984,12.022741,11.602354
en:Crust_punk,13.354541,7.5857525,-15.439802
nl:Moderne_r&b,-17.201296,-3.12798,4.785153
cs:Dance-punk,16.350712,-6.263914,-20.364357
es:New_wave,4.5405636,-4.486848,-17.842638
fr:Ambient,-4.9835544,4.122096,-16.107622
ja:アニメソング,-6.1489787,-15.28725,3.025706
es:Horrorcore,-16.061998,17.90295,-5.507161
fr:Post_rock,7.8468614,0.9677398,-6.233642
es:Música_tradicional,4.4237986,-17.012884,13.54813
es:Electropop,-6.566513,-4.3283014,-25.118662
nl:Krautrock,12.773094,0.991619,-8.760445
fr:Gabber,-12.092261,6.335123,-20.319382
en:Underground_hip_hop,-27.947636,12.373038,-3.6021225
cs:Jazz,-8.420729,9.574295,10.739284
en:Rocksteady,-21.397251,0.74183786,11.936632
es:EDM,-8.933767,-9.051469,-11.6962
en:Roots_reggae,-24.055386,-1.170881,16.74011
en:New_rave,0.32947022,-7.278858,-16.139841
fr:Black_metal,12.439611,18.310799,-0.7422884
fr:Garage_rock,5.932796,-9.990593,-31.427738
es:Música_Rock,11.099853,-2.9737937,6.2344575
ja:シンフォニックブラックメタル,8.054495,23.605268,10.4528885
es:Hip_Hop,-22.632957,10.744485,-5.375472
es:Latin_pop,-7.667004,-14.8249235,18.648655
ja:ニュー・メタル,4.201012,19.651781,-0.14523222
es:Rhythm_&_Blues,-15.469173,0.30036613,11.219756
fr:Chicano_rap,-21.993828,16.876766,-0.9999521
ja:インディーロック,13.878929,-24.466074,1.1430874
en:Symphonic_metal,3.8153348,25.280056,10.23539
es:Bop,-2.8249047,17.119022,20.602772
en:Freak_folk,12.088568,-16.043036,15.169992
ja:フォークロック,11.183461,-13.1895685,14.575383
en:Raï,-14.887335,-4.7328434,10.563927
en:Glitch_music,-11.914863,-4.386365,-6.5779576
ja:アイドル歌謡,-4.052773,-16.335922,-2.8247428
es:Black_metal_sinfónico,7.3634315,23.566698,9.769612
es:Post-hardcore,9.596026,8.546763,-22.713951
fr:Gothic_metal,27.9028,10.109158,-2.0396633
en:Punk_blues,9.824255,4.2659554,23.895962
en:Worldbeat,-14.733121,16.546148,5.056345
nl:Dubstep,-14.217795,6.6840725,-14.148557
cs:Folk,9.318282,-16.24559,12.820863
es:Reggae_rock,-24.57179,-3.1251597,14.617569
en:Melodic_hardcore,12.422927,11.29966,-22.910646
nl:Post-rock,6.9984784,1.3587452,-5.807665
en:Free_improvisation,-5.3057857,0.934256,-0.41961023
ja:ロマン派音楽,-0.13890852,-4.5481906,7.529801
ja:バロック・ポップ,5.813061,-14.703695,3.1462655
en:Post-punk,14.616569,-4.065209,-15.135928
nl:Country,3.7105742,-11.096509,23.255451
es:Drone_doom,3.0404112,10.1033745,-8.578757
es:Metal_cristiano,12.435988,18.558449,3.6881583
nl:Smooth_jazz,-11.9476,14.969827,15.755055
es:Electro_pop,-6.480982,-3.6428032,-25.933882
en:Dark_cabaret,0.669259,-8.918956,-7.092541
ja:クリスチャン・ロック,4.2947125,-0.3725499,13.6538
fr:Afrobeat,-28.220457,-3.9699135,15.09544
ja:デスメタル,13.486348,19.661911,-7.1846685
cs:Noise_rock,8.435284,-9.854955,-11.300349
fr:C-pop,-4.771618,-21.732811,-0.9063176
ja:歌謡曲,-10.1696415,-14.581355,5.203078
nl:Streetpunk,15.595652,1.0900874,-18.7346
en:Sunshine_pop,6.60354,-17.99844,-1.3433926
fr:Remix,-15.806218,4.3768024,-11.031882
fr:Dream_pop,7.1114264,-17.63346,-9.356819
fr:Free_jazz,-11.098184,9.784322,12.262437
nl:Funk,-12.636512,20.987368,7.9887543
es:Free_jazz,-11.480176,9.897183,11.752645
en:Traditional_pop,4.0542407,-21.425375,-2.2201731
cs:Black_metal,13.059485,19.661257,-0.6289284
fr:Pop_music,0.7933617,-17.58307,-3.4231553
es:EBM,-8.461163,-4.4664364,-15.916804
nl:Symfonische_rock,6.9209356,5.999664,4.238623
ja:ラップ,-20.955574,13.560164,-1.9352239
nl:Indierock,15.409721,-28.25844,-1.9958099
ja:リズム・アンド・ブルース,-13.714768,1.2660437,8.922644
nl:Funkrock,-12.722205,21.038431,4.16852
es:Jazz_rock,-5.903073,16.21941,4.6061254
en:Jam_rock,10.764123,1.6080642,15.231827
fr:Dance_music,-8.550329,-15.917402,-13.338495
ja:クロスオーバー,1.5047207,13.838149,-17.5703
en:Reggae,-22.897837,-3.3919,14.205845
ja:デスコア,14.491159,17.388779,-17.419868
en:Breakbeat,-11.88818,10.173718,-14.738325
es:Horror_punk,24.466162,5.26854,-9.946385
ja:ラテン・ポップ,-8.372725,-15.22768,16.431362
es:Crossover,1.3610169,13.578716,-18.18154
es:Soundtrack,-0.45477936,-5.9950657,-2.0027435
fr:Soul_jazz,-7.428843,7.479057,14.2112665
ja:バラード,-11.106522,-14.182795,5.517977
fr:Trip_hop,-23.36617,0.3609902,-5.2742105
en:Ambient_music,-3.595651,3.1088192,-15.1983795
ja:ロックンロール,12.732621,-0.2030421,10.449286
ja:スペース・ロック,7.0036607,4.6275935,-8.190322
ja:スムーズ・ジャズ,-13.045929,15.595775,16.561018
nl:Trance,-17.026491,-8.859943,-19.842745
es:Reggae_fusion,-23.939074,-2.2216895,13.006966
fr:Hard_bop,-5.4464083,16.274004,22.004105
ja:サイケデリック・ロック,15.6302185,-2.2789302,-4.9238787
en:Swing_music,-16.304983,6.4979286,13.425393
fr:French_touch,-18.660612,-5.7597213,-13.067249
en:Crossover,0.7955157,14.345919,-17.495949
fr:Electro-pop,-3.244414,-5.7256536,-22.9137
fr:Folk_metal,16.765074,20.274773,6.055633
fr:Indie_rock,13.08066,-26.128468,-1.021904
es:Hardcore,10.181359,7.73546,-18.9148
nl:Opera,1.4036776,0.52965355,6.2310305
es:Sludge_metal,11.98091,13.155107,-8.905102
ja:スウィング・ジャズ,-15.57742,7.1260333,13.596631
fr:Death_metal,13.44494,19.53711,-5.820244
en:Deathgrind,15.833534,14.994313,-15.419489
fr:Sophisti-pop,4.7893534,-18.656107,-4.988857
fr:J-rock,-7.7230372,-22.849447,6.6242814
en:Afro-Cuban_jazz,-8.415443,7.9375153,10.42719
en:Krautrock,13.155874,1.3556232,-8.641668
es:Symphonic_Metal,5.724192,26.33551,9.009931
es:Heavy_Metal,7.8044286,22.067148,0.7718236
cs:Opera,2.118197,0.61720586,5.4806376
en:Deathrock,15.640784,-3.508226,-12.958845
en:Comedy_rock,4.53431,-5.3140836,1.5778915
fr:Metal_néo-classique,2.7151415,26.643248,-0.8337028
fr:Folk_psychédélique,15.368347,-16.304083,14.517304
es:Post-rock,7.7529626,0.86113966,-7.1187987
nl:Latijns-Amerikaanse_muziek,-10.965642,-11.905934,16.070482
fr:Metal_extrême,13.667762,25.722616,-1.0635446
en:French_house,-18.603472,-5.858243,-13.0212145
es:Metal,7.6574407,23.224438,-0.0018832417
cs:Protopunk,22.099764,-5.366296,-16.065556
ja:ポスト・グランジ,16.019644,-15.921851,-20.556667
es:Metal_Sinfónico,5.1621723,25.368168,10.335323
en:Chill-out_music,-21.542334,-2.4186678,-8.619395
es:Death_Metal_Melódico,15.759224,20.856966,-9.334652
en:Progressive_rock,9.015087,5.680859,1.7599528
es:Adult_contemporary,-18.658342,-7.927184,3.806391
fr:Musique_improvisée,-5.3013487,0.92944646,-0.42179632
en:Classical_music,-3.166793,-4.557437,8.425016
nl:Deephouse,-22.480972,-3.1432614,-14.192904
es:Post_hardcore,10.310346,8.215163,-22.40979
en:Jazz_funk,-10.453576,16.772608,9.832232
nl:Rockmuziek,12.890413,-2.5358648,3.265859
nl:Soulmuziek,-6.0879345,3.7949142,17.257513
fr:Metal_symphonique,4.6199117,24.770943,11.1071825
es:Rock_Progresivo,9.2735,5.487049,0.055436566
ja:ビッグ・ビート,-14.176486,4.446348,1.7351575
en:Techno_music,-9.117283,-0.063925,-14.913329
cs:Post-hardcore,9.909328,7.1485357,-22.498213
es:Shred,5.1181784,19.059807,-11.614147
es:Indietronica,-3.5782957,-10.021763,-21.336771
nl:Black_metal,11.795241,19.147463,-1.8414228
en:Vallenato,-17.409212,-11.084448,20.342932
cs:Pop_music,2.9794524,-17.370173,-2.4435802
nl:Folkpunk,14.893358,-12.292133,11.634483
en:Neo-progressive_rock,9.052416,8.919578,-0.014807564
nl:Nederhop,-20.700302,10.574818,-2.501396
ja:ゴシック・ロック,28.694656,6.9713607,-6.0952067
fr:Eurodance,-9.082194,-16.574568,-14.163624
ja:アイドル,-7.0289583,-20.691565,2.060014
en:Delta_blues,3.1920087,5.734888,25.113234
nl:Ballad,-1.3565029,-21.028511,10.741729
es:Teen_pop,1.1011674,-19.94428,-8.407363
es:Psychobilly,26.62773,-2.7368498,-17.021744
ja:ブルース・ロック,7.2975492,3.828605,20.266443
en:Post-grunge,15.49683,-15.278683,-22.475918
en:Quiet_storm,-11.114428,1.0197413,4.2328315
en:Tropical_house,-20.348211,-0.7677707,-14.296216
en:Arabic_music,-7.702139,-7.5236382,10.969355
ja:エレクトロニック・ミュージック,-6.260435,-2.1164396,-7.6084433
en:Outlaw_country,3.6949763,-9.181355,25.598026
es:Art_rock,4.5299754,3.078281,-0.81308043
fr:Musique_minimaliste,-10.163341,1.3383859,-8.906272
es:New_prog,9.077022,8.51385,-3.3735206
en:East_Coast_Hip_Hop,-29.502253,9.511879,8.364582
ja:パワーメタル,10.278727,25.523746,3.0457096
cs:Groove_metal,5.424434,17.09041,-12.122085
en:R&B,-14.377056,-1.0631539,7.398277
es:Hardcore_punk,12.527857,8.062377,-20.106867
nl:Folk,9.453279,-16.984625,11.354264
es:Gospel,-3.424681,-1.6990393,17.744804
nl:Dance-pop,-3.9098284,-15.607425,-8.414902
en:Rave_music,-0.3241252,-7.413761,-15.91957
es:Alternative_rock,9.741293,12.444485,16.07779
es:Grindcore,14.537597,12.303823,-16.858711
es:French_house,-18.67556,-5.725831,-13.098568
ja:ニューレイヴ,0.59075576,-7.225986,-16.22709
en:Country_rock,6.832092,-7.4603267,22.731049
nl:Reggae,-22.941565,-4.0133085,14.994554
es:Mariachi,-12.935807,-15.649182,20.074038
fr:Southern_rock,9.831996,-5.068522,24.662746
es:Anarcopunk,18.494987,2.203116,-14.43745
cs:Vážná_hudba,-1.8750048,-4.1307106,6.5468335
en:Jazz_pop,-5.877995,14.581533,8.603154
en:Jam_band,10.760898,1.6096803,15.233828
en:Experimental_metal,3.3555694,11.680783,-2.0273104
cs:Punk_rock,18.69196,-2.348277,-16.913637
ja:ポストパンク・リバイバル,13.037321,-3.9024644,-17.292559
fr:Quiet_storm,-11.114483,1.0201856,4.2323694
fr:Rap_west_coast,-30.428787,10.637646,10.228156
en:Gangsta_Rap,-24.411621,18.02326,-0.18543692
en:Psychedelic_music,16.979168,-4.219086,-5.3555684
es:Progressive_rock,8.330656,6.1421266,-0.57715726
en:Zouk,-19.821095,-6.356437,13.348277
es:Rock_Cristiano,4.2330737,-1.186373,13.548898
cs:Funk_rock,-11.316416,20.134846,5.1225977
es:Rock_Industrial,-5.978263,21.918678,-11.61699
fr:Art_punk,15.87567,-0.5639637,-15.069275
es:Reggae_en_español,-7.768373,-10.627799,14.942235
fr:Rhythm_and_blues,-13.12035,1.5508662,9.782049
en:Electro,-11.14784,-0.62432665,-20.83005
fr:Rap_metal,-8.389159,18.617592,1.2198877
en:Horrorcore,-16.105629,17.907122,-5.473744
en:Psychedelic_rock,15.363086,-3.739606,-5.148401
es:Oi!,25.310675,-2.7559423,-8.032961
es:Rock_&_Roll,11.711641,-2.686866,10.928531
ja:シューゲイザー,8.986153,-4.2125125,-7.8882236
en:Rock_and_Roll,13.541368,-0.62890965,11.802508
en:Progressive_death_metal,12.265207,24.385916,-6.413715
ja:エクストリーム・メタル,14.158397,25.667702,-1.0883259
en:Latin_Pop,-7.4454494,-15.477847,16.159313
fr:Eurobeat,-9.771632,-16.60332,-17.106836
ja:テクニカルデスメタル,13.815762,23.767128,-8.181587
nl:Ska,28.105968,-7.7699304,-7.9881043
fr:Bossa_nova,-10.963761,-6.4688334,17.477776
es:Pop_Latino,-8.041217,-14.9757395,17.408014
en:Regional_Mexican,-11.587207,-10.807903,16.811071
fr:Americana,-0.28350368,-11.504449,27.16857
es:Arena_rock,16.07495,1.1328694,8.090729
nl:Southern_rock,10.313051,-4.433913,23.361212
en:Avant-rock,2.7382207,7.886068,0.07823744
es:Noise_pop,8.16019,-12.298404,-9.88843
es:New_Age,-13.44998,-6.67822,0.87834895
ja:エレクトロ・ポップ,-7.255128,-4.9737077,-24.366724
es:Chicago_blues,1.71139,4.570148,27.108402
en:Freestyle_music,-22.847727,9.129613,-2.183
es:Moombahton,-16.535227,4.6549397,-16.362316
en:A_cappella,-11.692152,-2.117135,8.304597
en:Dream_pop,7.4112377,-18.004366,-9.964331
en:Downtempo,-7.7943087,7.6876264,-14.752062
ja:オペラ,1.787491,1.2218357,5.9740953
fr:Soft_rock,21.43439,-0.2687886,8.08696
cs:Progressive_metal,7.455379,26.480038,-8.218996
en:Gothic_rock,28.543009,8.19874,-6.264278
en:French_pop_music,1.5028319,-21.710533,2.1681807
es:Gothic_metal,28.548613,7.9733996,-0.83716947
en:Latin_music,-9.566186,-12.451775,16.921227
en:Djent,12.740568,16.15193,-18.55543
fr:J-Rock,-7.7230372,-22.849447,6.6242814
en:Instrumental_rock,-5.3559756,10.556223,-4.4813747
nl:Progressive_metal,9.611444,27.931759,-7.3974977
fr:Alternative_metal,11.806545,17.568466,17.092226
es:Bubblegum_pop,5.183838,-23.321552,-7.728814
nl:Bluegrass,8.597176,-12.494231,26.724052
en:Shibuya-kei,-9.141118,-26.071238,4.3694954
es:Blue-eyed_soul,-9.09242,4.254874,23.358606
es:Post_Punk,13.948834,-4.5790715,-13.870622
en:Christmas_music,-2.4822655,-11.695486,9.256827
fr:Blues-rock,7.0965347,3.5090399,21.52595
es:Metal_alternativo,10.494718,16.854637,18.39843
en:Chiptune,-5.263226,-6.950264,0.012578744
en:Intelligent_Dance_Music,-9.504249,-5.1924167,-10.3976755
en:Rhythm_&_blues,-11.385341,0.5737854,9.247511
fr:K-pop,-10.146665,-23.998373,-1.9476597
en:Jazz_rap,-12.235371,10.990072,6.321238
es:Pop_rock,7.432263,-15.0181055,-2.8425395
es:Jangle_pop,11.399754,-13.410138,-5.144012
es:Glam_Metal,6.1534333,17.83316,4.9847
es:Southern_rock,8.944506,-3.606469,23.186487
nl:Indie_pop,16.367817,-26.814678,-1.2755575
es:Bluegrass,8.395327,-12.346769,26.068295
nl:Noiserock,7.506195,-9.358313,-11.71746
es:Punk-rock,19.34801,-1.2120707,-15.294171
en:Conscious_hip_hop,-28.943935,10.775547,-2.802433
cs:Gothic_rock,27.882854,7.0017796,-6.5853295
ja:映画音楽,-1.8545438,-5.2527,1.8181795
en:Drumstep,-14.860412,8.542323,-14.255482
es:Shock_rock,19.229649,-4.8485503,3.3813994
nl:Neo-soul,-11.408852,1.6457653,19.392092
es:Progressive_Metal,8.729562,23.867302,-7.8969207
nl:Hip-Hop,-26.961306,12.3926525,-9.241081
en:Hip_hop_soul,-24.776262,7.510122,-4.7125587
nl:Hardcore_rap,-20.110613,16.064978,-6.1844816
es:Post-Punk,14.135966,-4.010184,-13.768688
ja:プログレッシヴ・ロック,9.651193,4.4078326,-1.6393214
cs:Hip_Hop,-23.580652,10.241669,-3.6713715
fr:Downtempo,-7.787554,7.690553,-14.752469
es:Dream_pop,7.5394425,-17.639435,-9.2619705
en:Lounge_music,-15.4554,-7.430497,-9.985034
es:West_coast_rap,-30.67446,9.818466,9.343601
en:Emo_pop,19.757133,4.9832873,-21.774542
nl:HaFaBra,-8.61894,-8.882848,3.2633834
en:Schlager,-8.339197,-21.263008,-12.169475
en:Folktronica,14.615471,-20.342411,11.069909
ja:演歌,-11.7015,-19.705822,3.8631964
nl:Techno,-10.32565,-0.7862757,-15.387811
en:Pop_rock,8.429389,-17.263771,-0.85364026
cs:Jazz_rock,-3.909328,13.980725,5.6710186
es:Anison,-6.2734113,-15.393336,2.9991379
nl:Rhythm-and-blues,-13.309889,0.83597666,11.1274395
en:Pop_music,4.239402,-18.534216,-1.5168692
es:Hot,-11.296925,9.046306,10.169317
fr:Shoegazing,8.3697815,-4.367303,-8.622147
en:World_music,-8.052439,-8.426587,4.9018717
fr:Jazz_rock,-2.6411808,14.153715,8.666796
ja:フォーク・メタル,17.150152,20.559998,4.971289
nl:Melodieuze_deathmetal,16.72416,21.794537,-8.904524
ja:環境音楽,-4.8439527,2.971709,-15.111951
ja:テクノ,-9.9712105,-1.2533233,-15.020134
fr:Chant_de_Noël,-2.5498435,-11.788634,9.534709
en:Hardstyle,-13.471996,5.781487,-20.286964
es:Electro_hop,-21.386274,9.238886,-5.551269
en:Palm_Desert_Scene,14.0280695,-3.0975356,17.02222
fr:Europop,-7.4570017,-18.89328,-16.805765
en:Noise_pop,8.195586,-12.376698,-9.85113
en:French_pop,1.4012419,-21.898783,1.9817774
ja:ニュー・ウェーヴ,4.447517,-5.7974467,-18.887909
fr:Pop_psychédélique,8.232987,-19.498375,-4.493249
en:Easy_Listening,-21.237005,-7.511401,-3.948752
en:Nu_jazz,-9.329547,10.787085,9.442031
fr:Salsa,-15.633477,-14.262586,16.557468
es:J-pop,-8.91492,-22.413303,1.0924423
es:Dubstep,-13.700697,6.930473,-14.008758
nl:Gospelmuziek,-2.2282147,-2.5087063,18.407516
es:Música_industrial,-6.6600704,19.251568,-12.356737
en:Rap_music,-25.894785,13.166503,-0.53360784
fr:Experimental_rock,0.461964,6.461624,-2.0690784
en:Death_metal,13.059691,20.973967,-5.129391
ja:ビバップ,-3.288607,15.241266,20.141972
en:Pop-rock,8.512098,-17.652126,-1.1710389
fr:Avant-garde,-0.8632537,10.608139,2.6698804
nl:Powermetal,10.575909,25.073221,3.9048364
en:Cello_rock,11.059942,5.2585964,5.0818825
en:Electropunk,12.077977,-2.4061544,-21.30135
nl:Synthpop,-5.128744,-6.0478973,-23.916233
en:Samba,-15.22824,-16.167423,12.347839
es:Urban,-21.270191,-1.0839565,4.256765
nl:Electropop,-7.235642,-5.408412,-25.329048
fr:Musique_symphonique,-0.6762439,-2.2568269,6.343437
en:Latin_jazz,-9.766329,-10.942375,19.678774
en:Techno,-9.530752,-0.25365916,-14.873088
en:Electropop,-6.5758147,-4.637303,-24.254488
fr:Metal_industriel,-3.3907726,20.985611,-10.169039
es:Tech_house,-16.641108,-0.8493711,-13.324778
es:Música_popular,-2.2684007,-10.361956,3.6976619
nl:Industrial_metal,-2.8715208,20.224741,-9.969132
fr:Electro,-12.495291,-0.6800713,-21.395325
es:World_Music,-6.4283895,-7.648022,5.029789
fr:Avant-garde_jazz,-2.1054304,8.429281,4.7235847
nl:Powerpop,13.329268,-16.951262,-6.1131644
en:R&B_music,-12.727156,-0.4922279,8.759349
es:J-rock,-6.969838,-22.47937,5.6851315
es:Street_punk,15.882029,1.0872933,-18.712963
es:Neo-psicodelia,14.708605,-4.7830753,-8.085291
en:Pop_rap,-30.972294,6.2168164,-0.18837269
es:Viking_Metal,16.984797,24.37681,6.8585258
en:Ballad,-0.95444953,-20.876766,11.307605
es:Samba,-15.239567,-16.132011,12.263466
nl:Grindcore,14.450275,11.304283,-15.721082
cs:Doo-wop,-15.6437025,0.3705968,15.543259
en:Southern_rap,-28.934534,11.100545,6.3683686
en:Skate_punk,20.438662,-2.944635,-22.602064
en:Kayōkyoku,-10.121474,-14.592606,5.1959777
es:Dark_Wave,2.0448575,0.624752,-19.37055
ja:スムーズジャズ,-12.457995,15.7627535,15.806899
ja:サウンドトラック,-1.472422,-6.7702155,-1.59781
en:Baroque_pop,5.438097,-15.389412,2.7345872
cs:K-pop,-9.916448,-23.823772,-1.2557563
en:Blue-eyed_soul,-10.104535,4.2565665,22.959671
fr:Pop,1.7672354,-17.849382,-2.87909
nl:Countrypop,7.0149217,-12.00405,20.69961
es:Piano_rock,11.861705,6.4508433,7.2874446
en:Canterbury_scene,-11.740014,-3.674412,3.6751919
es:Cumbia_mexicana,-14.871932,-12.828925,20.555363
es:Post-Grunge,15.823045,-15.081112,-21.278807
es:Skate_punk,19.764507,-2.3909678,-22.359055
es:Merengue,-16.303831,-11.936183,17.3852
en:Industrial_metal,-1.880086,20.292011,-9.913203
es:Smooth_jazz,-11.966504,14.958927,15.098634
fr:Doom_metal,14.980044,14.46089,-5.0758424
es:Rock_en_español,-6.190006,-10.734236,15.307689
en:Intelligent_dance_music,-9.50411,-5.1919165,-10.397706
es:Adult_Contemporary,-18.658342,-7.927184,3.806391
ja:シンフォニック・ロック,7.2599363,5.367251,4.8376327
fr:Heavy_metal_traditionnel,10.230075,21.982296,1.9259659
fr:Death_mélodique,17.560358,20.668608,-8.019642
en:Hard_bop,-5.8898277,15.887417,21.821001
en:Pop,4.945801,-19.539492,-1.2763635
ja:ポストロック,7.127092,1.2426853,-6.523254
ja:ラップメタル,-4.506727,20.61176,-0.07834385
es:Big_band,-10.0657425,5.8974113,4.2776628
en:J-Pop,-7.595523,-21.405972,1.3808674
en:J-Urban,-20.431906,-2.240408,3.5178113
ja:ヒップホップ,-26.75928,10.177322,-4.062006
en:Psychedelic_folk,15.208871,-16.5237,14.706379
es:Música_alternativa,10.085083,11.336126,14.761164
en:Boogie-woogie,2.9098868,6.355827,17.02077
es:Rock,11.665682,-2.4240134,5.7332106
en:Moombahton,-16.53623,4.652379,-16.363134
en:Dubstep,-14.3617115,7.654193,-13.926476
en:Hip_hop,-27.715382,11.230126,-2.8021994
nl:Electrohouse,-15.291803,-0.36694565,-18.15859
cs:Rock_and_roll,13.072405,-1.131551,9.858816
fr:Bluegrass,8.066842,-12.5222645,26.490915
es:Hardcore_hip_hop,-20.528137,14.529763,-6.8573556
nl:Latin_pop,-7.9829803,-14.466913,16.468952
es:Banda_sonora,-1.5315168,-5.9160995,-1.555625
nl:Wereldmuziek,-7.4298153,-8.494617,6.3733783
en:Stoner_metal,18.842356,5.8689823,-2.7191465
fr:New_wave,4.82432,-5.1117196,-18.586956
nl:Experimentele_rock,1.199929,6.8433876,-0.12909372
en:Protopunk,22.589483,-6.0537996,-17.642828
en:Film_music,-2.0867045,-4.3251023,1.4540598
fr:Rock_gothique,27.657875,7.5098825,-6.09141
es:Dance-Pop,-5.1189427,-15.391241,-9.724841
fr:Groove_metal,6.432307,17.332827,-11.911115
ja:ヴィジュアル系,-7.0737257,-27.324146,5.2874937
en:Tejano_music,-10.908003,-13.925319,17.368322
fr:Funk-rock,-11.571698,20.460823,4.438922
en:House_Music,-17.973072,-2.0433576,-15.885635
en:Experimental_pop,-2.3282459,5.218041,-1.6957704
fr:Pub_rock,8.443049,-2.7733295,9.04541
es:Metal_Progresivo,9.000063,25.762243,-7.4905086
en:Mod_revival,9.153622,-5.5931377,-17.262531
fr:Pagan_metal,15.910389,20.891632,6.1944475
en:Post-disco,-13.967404,-12.089518,-12.5092745
es:Stoner_rock,19.025927,4.7915897,-1.5296763
nl:Pop_rock,10.885176,-14.37871,-1.1370428
fr:Techno_minimale,-10.472119,0.36558703,-12.467808
en:Rapping,-25.517933,12.494153,-1.433462
en:Pop_Rock,8.29368,-17.444159,-1.013149
ja:ラップロック,-4.7153077,20.55661,-0.044380337
es:Indie_rock,13.477713,-26.165117,1.0927156
fr:Pop_baroque,5.128829,-14.498504,2.8932076
fr:Pop_punk,20.555706,1.5781752,-18.113655
fr:Hip-hop_alternatif,-25.416996,13.491358,-5.2216077
en:Contemporary_Christian_music,2.7905574,-0.89186263,14.702936
nl:Urban,-20.780848,-0.7013298,3.9551678
es:Soul,-6.79445,2.8659785,19.063492
fr:Chanson,-3.6698472,-14.322898,3.963203
ja:ポップミュージック,2.139985,-16.172646,-1.430402
fr:Musique_expérimentale,-2.6547704,3.1227436,-2.182442
fr:Cool_jazz,-14.674481,12.018944,11.600946
es:Garage_punk,8.482728,-8.547,-31.782251
en:Sludge_metal,12.353949,12.874326,-8.403008
fr:Chanson_française,-1.4880694,-21.572426,18.143122
es:Ska_punk,26.494623,-7.000629,-8.495874
nl:Chanson,-0.98578906,-21.772486,18.48095
cs:Pop_rock,8.470327,-16.374138,-3.539633
ja:ジャズ,-7.417578,9.70462,11.540743
ja:シンフォニック・メタル,6.475699,24.747162,11.966987
en:Rap_metal,-8.302828,18.962425,0.5125286
en:Proto-punk,22.350437,-5.7345524,-16.777887
ja:ボサノヴァ,-10.536407,-6.4436846,17.812351
fr:Rock_britannique,9.097832,-6.5512214,5.730171
nl:Progressive_rock,11.927733,6.611338,-0.04115609
en:Bluegrass_music,8.824498,-12.886955,26.115473
es:Indietrónica,-3.4418437,-9.53804,-21.70297
cs:Alternativní_country,3.8919747,-6.3951616,24.273664
es:Thrashcore,14.766915,12.084308,-18.056114
es:Guaracha,-17.576061,-14.161332,19.283594
fr:Beat,-15.796967,4.2438955,5.339542
fr:Hardcore_punk,14.036169,7.9332566,-19.18939
fr:Dancehall,-23.807606,-7.4183807,14.000282
ja:グルーヴ・メタル,5.8703065,17.147911,-12.743159
ja:ポストパンク,13.232527,-4.1232233,-16.21527
cs:Hip_hop,-23.580654,10.241681,-3.6713877
es:Post-bop,-4.6687126,18.098646,19.742683
en:Mainstream_jazz,-8.582946,9.172045,8.523555
es:Chill_out,-21.551645,-2.4207525,-8.634811
nl:Blues,1.2892007,5.714893,24.49083
nl:Indie_rock,16.161133,-27.042727,-1.2523494
cs:Instrumentální_rock,-4.5518847,10.246758,-4.7666717
ja:ダンス・ミュージック,-7.116225,-10.21141,-6.0590086
en:Jazz,-7.3152227,10.218235,9.752249
cs:Alternativní_metal,10.4975,17.91473,18.367943
es:Nu-disco,-15.235923,-13.19226,-10.581966
fr:Mathcore,10.274826,15.031014,-20.456501
ja:ゴシックメタル,29.543053,9.440656,-1.8548354
en:Instrumental_hip_hop,-28.838778,12.054223,-1.9813919
en:Pop_Music,4.239148,-18.534168,-1.5167489
en:Texas_blues,1.3483232,4.09942,26.00459
en:Post-Britpop,17.369139,-13.881458,-13.038839
en:Acid_jazz,-9.777138,13.95412,10.675088
ja:ポスト・ハードコア,9.887827,7.3893914,-23.430283
fr:Rock'n'roll,11.062967,0.89519143,10.105581
es:Krautrock,13.360706,0.8928902,-8.681101
ja:ソフトロック,21.015255,0.48585647,7.694403
ja:スラッシュメタル,9.424363,15.024944,-11.541304
en:Eurobeat,-9.781237,-16.6009,-17.077023
ja:ハード・ロック,19.815973,1.067647,3.8550053
es:Visual_kei,-7.2487063,-27.239285,5.087601
en:World_Music,-8.054534,-8.423871,4.899105
fr:Flamenco,-13.369152,-19.544115,17.282349
ja:タンゴ,-15.430391,-18.173681,16.209507
fr:Hardstyle,-13.083596,5.938867,-20.283348
fr:Musique_latine,-11.29624,-12.526362,16.107027
fr:Musique_industrielle,-6.423831,19.436954,-11.82132
es:Góspel,-2.7403145,-1.9725178,17.735956
ja:ヘヴィ・メタル,8.393846,19.04657,0.67250365
en:Futurepop,-5.0683665,-3.3643882,-22.5341
en:Swing_revival,-17.372437,6.39517,13.263182
nl:Indiepop,16.524508,-28.530315,-1.4540838
cs:Country_rock,7.5388517,-8.09209,22.855614
en:Indie_Rock,15.04471,-26.037313,0.91352165
es:Glam_rock,21.992872,-10.051837,1.9703003
es:Stoner_metal,18.808657,5.0277658,-0.7204507
es:Blues-rock,8.182627,3.8820329,21.3495
es:Thrash_Metal,9.071717,15.390996,-12.227094
ja:エレクトロ,-12.015129,-1.6790468,-21.202984
nl:Progressieve_metal,9.439244,27.14995,-7.430858
fr:Power_ballad,-0.19449079,-19.976515,8.761846
es:Rock_and_roll,12.084439,-1.6513923,10.538613
ja:プログレッシブ・メタル,9.488915,26.1136,-8.905403
en:Chamber_jazz,-6.159837,8.2900505,9.163632
es:Chanson,-1.8171636,-21.980282,18.350714
es:Metal_Gótico,28.91466,8.713893,-1.3434751
en:Melodic_Death_Metal,15.983694,21.866709,-7.902219
ja:Lo-Fi,-17.974829,-15.517143,0.14858502
ja:フォーク・ロック,10.862869,-13.501462,14.170963
fr:J-pop,-7.7759132,-22.885075,1.0305051
es:Proto-punk,22.429409,-5.978494,-16.14266
es:Música_Celta,4.641437,-10.369009,12.670969
en:Trance_music,-16.511593,-8.804687,-20.516645
en:Adult_contemporary_music,-17.737604,-7.0043797,4.7271447
fr:Post-rock,7.890316,1.0916231,-6.286506
en:Pagan_metal,15.537391,20.854422,5.4948416
nl:Europop,-7.273061,-19.13669,-16.24563
en:Progressive_metal,10.106901,25.990496,-6.711369
en:Breakcore,-12.213527,5.025774,-16.682064
es:R&B,-14.673885,-0.17372438,8.999972
nl:Jazzrock,-6.9534044,17.172163,5.590417
es:Mambo,-18.812006,-15.637841,17.100275
cs:Ska,27.767838,-7.256478,-6.5377
nl:Spacerock,6.7349863,5.113759,-9.129901
en:Alternative_R&B,8.814159,11.934757,13.049895
es:Melodic_death_metal,15.469509,20.10387,-9.720539
fr:Easy_listening,-21.74378,-7.858148,-4.351268
en:Post-rock,7.80153,0.2160509,-7.0820665
fr:J-Pop,-7.7759132,-22.885075,1.0305051
fr:Soul_music,-7.8166375,1.3599398,17.644472
nl:Speedmetal,10.042959,31.649925,2.6434963
ja:インダストリアル・ロック,-5.636407,21.329601,-10.76885
ja:デスラッシュ,14.969541,22.977203,-10.422471
es:Synth_pop,-4.8831425,-4.756869,-23.712276
en:Acoustic_rock,-3.8682678,6.2578177,-7.657716
en:Mambo,-18.881224,-15.694104,17.03585
fr:Lounge,-15.460105,-7.4263697,-9.9886265
es:Candombe,-17.104195,-18.24596,12.923674
ja:HIPHOP,-26.676247,9.763146,-4.664816
nl:Elektronische_rock,2.0003562,-1.1459974,-9.285106
ja:ブラックメタル,12.345788,19.51798,-1.0479631
es:Americana,-0.023505732,-11.276538,26.694061
en:Pop_Latino,-6.909338,-16.5539,15.931216
es:Rock_Sinfónico,7.2376704,4.7015758,4.2472563
es:Música_electro,-10.834132,-2.2609885,-20.339668
fr:Kpop,-11.319834,-23.205112,-2.045063
es:Hip-hop_alternativo,-22.735207,11.662531,-6.6010375
en:Adult_Contemporary,-17.78048,-7.6109333,4.5680423
es:Folk_Rock,12.666553,-14.270502,14.366447
fr:Musiques_du_monde,-7.336758,-7.6359644,4.5748496
en:Protest_music,-1.8255569,-14.186207,4.7893643
en:Deathcore,14.60902,17.833036,-17.821306
fr:Dirty_south,-29.018944,9.783582,6.516865
es:Nueva_Canción_Chilena,-10.575507,-13.713813,14.600112
es:House_progresivo,-19.893492,-4.2916913,-21.130995
ja:フレンチ・ポップス,1.5799364,-21.565517,2.313574
en:Comedy_hip_hop,-23.201378,9.070341,-8.413769
fr:Nu_metal,4.177422,20.612226,-0.95745826
es:Folclore,4.4773636,-18.188353,14.345138
es:Screamo,15.442729,6.450692,-24.587917
en:Bachata,-17.717949,-11.920991,15.468639
ja:K-POP,-9.503952,-24.55304,-1.2251668
nl:Protopunk,21.721207,-6.8805504,-16.139494
fr:Funk,-12.808468,20.344162,7.4876413
en:Christian_rock,3.7688901,-0.6293046,14.154589
es:Italo_disco,-12.083093,-15.465432,-14.81332
es:Rock_Latino,-6.084087,-13.125508,18.154226
fr:Viking_metal,16.857817,23.515955,7.2962837
en:Folk_punk,14.881147,-12.989819,11.987731
es:Electro_house,-15.57306,0.17359298,-17.632135
ja:ミクスチャー・ロック,-4.939533,20.49268,0.0062632537
ja:ロカビリー,16.021456,3.5522947,20.91969
en:Blackened_death_metal,12.788379,21.390749,-3.704841
en:Gabber,8.110447,7.0987244,-18.945808
en:Art_punk,15.775813,-0.38396847,-14.997712
nl:Softrock,22.078773,0.5738031,8.126221
es:Blackened_death_metal,12.150642,20.95068,-7.316959
cs:Nová_vlna,5.1824756,-5.44173,-17.915857
nl:Neue_Deutsche_Härte,0.5370968,19.147951,-5.26659
fr:Thrash_metal,9.66565,16.291872,-11.705888
cs:Alternativní_rock,9.632785,13.067717,13.750253
es:Industrial_Metal,-2.4208548,21.043022,-11.818245
es:Jpop,-10.141045,-23.197836,1.4172921
ja:オルタナティブ・ミュージック,7.2941628,15.069491,14.14036
en:Electro_music,-10.957656,-0.42364535,-20.656582
cs:Glam_metal,5.4192886,18.147453,4.6456966
en:Big_beat,-14.498469,3.7461696,1.710622
en:Psychedelic_soul,14.584519,-5.6783013,-3.1530526
nl:Big_beat,-13.8427305,4.0787916,2.1452382
ja:フォークソング,5.745217,-15.809145,11.530634
fr:Folk-rock,11.624109,-14.20034,13.687579
cs:Acid_rock,16.395536,-1.0196332,-1.6536129
es:Rock_cristiano,4.2330737,-1.186373,13.548898
es:Folktrónica,14.664324,-20.542547,10.972464
es:Pop_barroco,5.9171143,-14.801941,2.5159023
nl:Punk,18.892725,-3.5684428,-15.936542
en:Zeuhl,12.953365,3.1989207,-5.538541
ja:ファンク,-12.820593,20.209759,8.431824
es:Synthpunk,12.065566,-2.404825,-21.303995
nl:Rockabilly,15.797752,3.9241872,20.270401
cs:Psychedelický_rock,14.883138,-2.5567784,-4.26453
fr:Rock_'n'_roll,11.270601,-0.07925924,10.742108
cs:Experimentální_rock,2.2735553,6.7448444,-1.8703189
fr:Thrash_Metal,9.664488,16.292093,-11.705245
ja:ガレージ・ロック,6.1704273,-11.276016,-30.82197
fr:Musique_électronique,-4.4430947,-2.0942063,-7.003555
es:Metal_sinfónico,5.162193,25.368153,10.335289
en:Shoegaze,8.328898,-5.8118606,-7.598214
es:Post-disco,-13.901588,-12.010206,-12.498432
fr:Musique_contemporaine,-3.2337873,-2.1723886,9.074368
fr:Black_death_metal,12.545862,17.69886,-0.674737
es:Garage_rock,6.705773,-10.026065,-30.829447
ja:エレクトロニカ,-5.505288,-1.2565659,-11.145917
es:Madchester,16.317509,-9.552047,-13.672128
nl:Dreampop,7.8698363,-17.40766,-9.758847
nl:J-pop,-6.680165,-22.447062,0.8993536
fr:Post-punk,13.356673,-4.2475333,-14.959779
es:Dance-pop,-5.5363026,-14.554319,-9.597229
en:Screamo,15.489275,6.276694,-24.070229
es:Bolero,-17.132732,-18.361158,19.26024
en:Tropical_music,-10.936544,-10.966496,10.411333
cs:Hardcore,11.490519,8.4624815,-19.202824
nl:Cross-over,1.528872,13.458395,-17.875477
ja:シャンソン,-1.5630572,-21.26942,18.699211
en:Video_game_music,-4.7255783,-7.001195,1.2227943
en:Garage_punk,8.33897,-8.526947,-31.748833
cs:Folk_metal,17.14383,20.19951,5.4734335
es:Country_pop,6.46486,-11.3863125,20.324932
fr:Techno,-10.826925,-0.9082372,-14.558288
en:Swamp_rock,8.381435,-5.365631,18.557276
ja:エクスペリメンタル・ロック,-0.7145703,3.4944696,-3.5267406
es:Bachata,-17.71749,-11.920876,15.4772005
es:Funk_rock,-12.129762,20.494751,4.8510065
es:Indie_Pop,10.1245775,-26.192978,0.9883038
nl:Thrashmetal,10.352261,14.59024,-12.4375305
fr:Progressive_house,-20.25435,-3.2326555,-20.82325
es:Eurodance,-9.2595415,-17.14618,-14.868756
es:K-pop,-10.844476,-24.535124,-0.9765507
es:Post_Hardcore,9.709074,8.395908,-21.938576
fr:Powerpop,13.197666,-17.340582,-8.2906885
fr:Speed_metal,10.543965,30.59066,2.1030226
ja:ソフト・ロック,21.015255,0.48585647,7.694403
cs:Electro_house,-16.419514,0.37090188,-17.264793
en:Rock,14.817128,-1.2091987,5.592539
es:Metal_progresivo,9.000006,25.76198,-7.4906135
cs:Electronica,-5.0859227,-1.2726073,-10.600238
fr:Musique_bretonne,3.2047148,-11.146406,11.4437275
fr:Art_rock,5.0424075,2.9466112,-1.5936762
cs:Soul,-8.169565,3.0613678,18.583115
ja:オルタナティヴ・メタル,9.763278,17.340588,17.457132
es:New_Wave,4.208241,-4.8539963,-17.880732
en:Experimental_Rock,2.1644344,7.205597,-0.6688638
en:Reggae_fusion,-23.807314,-2.2528853,13.034077
fr:Power_metal,10.547363,26.576004,3.2538085
es:Blues_rock,8.257636,3.261123,20.864182
cs:Funk_metal,-9.300467,21.801996,3.9076355
fr:Rockabilly,15.831695,3.061475,20.297426
nl:Poppunk,21.690895,1.9153223,-18.355639
nl:Dancemuziek,-5.7972083,-9.253846,-9.661636
cs:Experimentální_hudba,-2.4490054,3.6183941,-2.6550372
en:Street_punk,15.91777,1.0841185,-18.71129
ja:シンセ・ポップ,-5.809099,-6.4141846,-21.819601
es:Metal_neoclásico,2.9950502,26.886644,-1.031425
en:Rap_rock,-9.958179,19.176794,-1.6287309
fr:Rock_garage,5.2705193,-9.31974,-32.98301
fr:Shoegaze,7.5623436,-4.204396,-9.401325
en:Pub_rock,8.39705,-2.7738018,9.05084
es:Reggaeton,-21.680029,-9.391616,18.30453
nl:Akoestisch_instrument,-4.675773,5.344257,-7.224886
en:Avant-garde_music,0.16543892,10.88503,4.4432907
en:Future_house,-18.491543,-3.696085,-16.443308
nl:Britpop,17.465647,-12.859496,-11.440016
en:Trip_hop,-23.50788,0.9104891,-4.9855175
en:Electronic_dance_music,-8.106597,-8.401452,-9.443919
en:Americana,-0.43872386,-11.941332,26.67046
ja:ダンス・ポップ,-4.9691324,-14.873231,-7.915425
es:Noise_rock,7.5270333,-10.10671,-11.217622
es:Música_country,3.2045095,-9.020874,24.0829
en:Ambient_house,-5.648837,2.2124555,-15.524108
ja:ガレージロック,6.1704273,-11.276016,-30.82197
en:Arena_rock,16.081776,1.1315976,8.08252
es:Synthpop,-4.1252046,-4.0734034,-24.591173
es:Electroclash,-8.592213,0.09402575,-22.659126
en:Rapcore,-10.668802,20.69982,-1.6277515
cs:Space_rock,7.1510825,4.790364,-7.5799284
en:Glam_rock,22.90632,-10.014105,2.41882
en:Soul_music,-8.009436,3.5748396,17.829498
fr:Latin_jazz,-9.739506,-10.918993,19.775738
fr:House_music,-19.024612,-1.921688,-14.491154
en:Disco_music,-16.968681,-14.196857,-12.393684
en:Space_music,-5.0133915,3.3056855,-13.739959
cs:Blue-eyed_soul,-9.516877,5.6107945,24.276514
fr:Rock_psychédélique,14.533856,-3.023809,-4.5918546
en:Neo-medieval_music,-0.017735407,-5.52702,10.414624
nl:Volksmuziek,5.404337,-17.146519,13.890419
es:Crossover_thrash,4.6192007,13.875963,-16.305887
fr:Indie_pop,10.256387,-25.715132,-0.15116692
en:Album-oriented_rock,14.220674,-7.856906,2.5144
en:Electroacoustic_music,-5.225826,0.16462345,-6.159498
nl:Hip_Hop,-26.961306,12.3926525,-9.241081
en:Shoegazing,8.453346,-5.3096895,-7.8702903
es:Rap_alternativo,-25.504179,13.483432,-5.5726986
en:Melodic_rock,9.371423,-17.935112,-0.14599717
ja:インディー・ロック,13.878928,-24.466072,1.1430877
en:New-age_music,-12.510987,-7.129235,1.2830466
es:Alternative_dance,-10.319659,-13.469163,-7.580851
es:Neue_Deutsche_Härte,0.65343606,19.66403,-5.037435
es:Electronic,-3.1858392,-4.428363,-9.639158
cs:Post-punk,13.188379,-3.4000642,-15.050645
en:Heavy_Metal_music,9.815883,22.255487,0.04633902
nl:Industrial_rock,-5.698074,22.271448,-10.676702
es:Ranchero,-12.570341,-14.074932,23.684244
ja:クロスオーバー・スラッシュ,4.15482,13.844991,-16.27887
es:Hardcore_rap,-19.503468,15.245649,-7.167026
en:Rhythm_and_Blues,-12.656506,0.26365167,9.158168
en:Dub_music,-16.614742,5.570457,-10.582756
en:Roots_rock,13.206713,-8.964875,18.636639
es:G-Funk,-15.317758,22.766336,8.964942
en:Eurodance,-9.842361,-16.869888,-14.582512
cs:Hardcore_punk,11.721525,9.181295,-19.119184
cs:Nu_metal,4.228803,19.90949,0.7253799
es:Country_rock,6.955595,-8.02103,23.483213
en:Teen_pop,0.9672239,-19.249058,-8.453584
fr:Rock,12.526995,-1.6862587,6.0287385
en:Drone_music,2.5881288,8.827769,-8.908081
en:College_rock,16.54308,8.837602,11.563343
en:Hip_Hop_music,-26.453297,11.496455,-1.7729183
cs:Dance-pop,-5.865696,-14.330396,-8.368834
fr:Dance-punk,16.057499,-5.7178,-20.619804
ja:ピアノ・ロック,12.349437,6.5623217,7.5716863
en:Symphonic_black_metal,7.247451,23.527584,9.793929
nl:Italodisco,-12.342871,-14.974234,-15.356675
es:Kpop,-11.937983,-24.589273,-0.33977655
es:Indie,14.353793,-28.258448,0.7613397
fr:Variété_française,-0.22513092,-7.478352,5.9792867
nl:Chill-out,-21.578194,-2.4209971,-8.640513
fr:Pop-rap,-30.740833,5.491768,-0.26433522
ja:キャラクターソング,-4.9076796,-14.537335,3.375685
fr:Reggae,-23.421469,-3.6054597,14.716117
fr:Metal_chrétien,12.415234,18.576601,3.6931636
es:Música_latina,-11.752847,-12.25951,14.998675
fr:Rock_français,9.675917,-6.6243176,6.491619
fr:Garage,5.35614,-9.405734,-32.774902
nl:Hip-hop,-26.961306,12.3926525,-9.241081
fr:Gangsta_funk,-15.46344,23.558264,9.338387
en:Candombe,-17.105343,-18.246859,12.925321
en:Music_of_Japan,-7.3914933,-18.504408,2.7939858
nl:Glamrock,22.19679,-11.1680765,2.6140318
fr:Neo-psychedelia,13.406112,-2.780219,-4.6578946
es:Fusión_latinoamericana,-12.295252,-12.096146,13.97024
es:Rap_rock,-10.197966,18.757095,-1.0295979
en:Protest_song,-2.0098178,-14.201128,4.713105
es:Soul_psicodélico,14.581711,-5.685483,-3.139004
fr:Ambient_music,-5.167964,4.4453607,-16.375458
en:Música_popular_brasileira,-10.706507,-15.041779,12.251434
en:Symphonic_power_metal,3.4231493,25.306177,10.071208
es:World_music,-6.4545226,-8.01,5.1160436
es:Hip_hop,-22.363674,10.467981,-5.5635676
ja:ディキシーランド・ジャズ,-4.5507226,10.204934,13.569241
en:Adult_contemporary,-17.700163,-7.3259797,4.1984377
en:Neo_soul,-11.1188,1.8610387,19.03669
en:Gangsta_rap,-24.411621,18.02326,-0.18543692
ja:スカ,28.321737,-7.826401,-6.9507246
fr:Acid_house,-14.068759,-3.4382915,-15.646139
en:Latin_pop,-7.3140874,-15.5475645,16.442503
nl:Hip_hop,-26.961306,12.3926525,-9.241081
nl:Gangsta_rap,-22.794355,19.27931,-1.5965478
fr:UK_garage,2.3713958,-11.527668,-31.079435
fr:Gospel,-2.0784645,-2.148229,17.52045
en:Cowpunk,23.732977,-2.0970173,-14.609623
cs:Ambientní_hudba,-4.577227,3.290559,-14.99788
fr:Pop-Rock,9.165508,-15.653315,-2.0553353
nl:Folkrock,11.83427,-12.144009,13.4908905
fr:Horror_punk,24.473362,5.2736545,-9.939317
es:Rock_instrumental,-4.9806976,9.927697,-4.2532578
ja:アダルト・コンテンポラリー・ミュージック,-18.508776,-7.0974197,4.514204
es:Hip_hop_alternativo,-22.725079,11.672962,-6.5995393
es:Dance-punk,16.770346,-5.533989,-20.274565
nl:Folk_rock,11.748539,-11.44412,13.33253
en:Indie_pop,8.930965,-25.601618,0.43099442
nl:Punkrock,18.834478,-4.1829224,-15.4203415
en:Groove_metal,5.6255665,16.808077,-11.241198
en:Operatic_pop,0.481228,12.28182,-17.911459
es:Rap,-21.468143,13.020949,-2.841716
es:Bebop,-3.1931653,16.043182,20.364382
ja:プログレッシヴ・メタル,9.716258,26.126665,-9.547984
en:Americana_music,-0.74217135,-12.09903,26.54896
en:Hip-hop_music,-26.453192,11.496146,-1.7728156
cs:Boogie_rock,4.3501387,5.681689,17.042849
fr:Cold_wave,2.9178565,-0.22107403,-18.803877
en:New_wave_music,5.564315,-4.4422092,-18.615332
fr:Italo_disco,-12.195184,-15.681927,-14.830634
es:Post_grunge,15.823045,-15.081112,-21.278807
en:Unblack_metal,15.316525,18.941391,1.3168191
es:Rap_metal,-8.411436,18.74963,0.8814897
es:Black_Metal,11.752352,19.91493,-0.7411059
fr:New_prog,9.075155,8.526019,-3.3487053
nl:Gothic_metal,28.899227,9.106005,-2.472758
es:Hardstyle,-13.481316,5.7679234,-20.263908
fr:Punk_hardcore,13.044299,7.958382,-19.32512
es:Shoegazing,8.964931,-4.577043,-8.917668
es:Rock_espacial,7.145329,5.4095936,-8.079159
fr:Drone,2.5513186,8.724558,-8.931991
es:Doo-wop,-15.96351,-0.30821207,15.510434
fr:Psychobilly,26.641222,-2.7398968,-17.026623
ja:ラテン音楽,-11.5322485,-12.260395,16.59017
fr:Punk_celtique,19.860867,-1.7545351,-11.525326
fr:Opéra,1.7665837,0.08946831,5.7361803
es:Power_metal,9.170593,25.56691,3.3143096
nl:Folkmetal,18.14912,20.019686,4.5147986
fr:Pop-rock,9.508278,-15.799104,-3.1899529
cs:Melodic_death_metal,15.216001,20.624552,-6.4468384
fr:Heavy_metal,9.479521,21.083319,1.0273051
nl:Psychedelische_rock,15.559018,-3.2759323,-4.738889
fr:Power_pop,12.693218,-17.164633,-7.240513
es:Protopunk,23.433317,-6.3710856,-15.4751835
ja:ワールドミュージック,-7.329617,-7.583118,5.501044
es:Heavy_metal_music,7.3190117,22.181765,1.5456855
en:Post_bop,-4.984818,17.305552,19.592499
es:Rock_Psicodélico,15.277697,-3.3701413,-3.8435206
es:New_jack_swing,-16.486902,4.369618,10.309591
fr:Electronic,-3.188179,-4.4265327,-9.631713
en:Southern_soul,-8.717424,4.403822,17.26114
en:Children's_music,-5.05495,-6.9366274,3.6311114
es:Worldbeat,-14.733891,16.545753,5.0549917
fr:Pop_musique,1.1053337,-18.749659,-3.391567
es:Rock_Pop,6.9148936,-13.468223,-3.1635823
en:Blues_music,1.4717951,7.054249,23.41508
fr:Rap_old_school,-23.812618,6.473726,0.016339723
nl:K-pop,-9.699013,-24.485928,-1.8665209
en:Bolero,-17.132423,-18.36084,19.263168
cs:Filmová_hudba,-2.0402057,-5.0252357,2.2554326
en:Drum_and_bass,-14.688324,5.201361,-4.8121142
cs:Thrash_metal,9.055235,15.427488,-10.970005
en:Death/doom,17.346859,15.727006,-5.76153
fr:Acoustique,-5.0423326,4.7156415,-8.733775
es:Rock_alternativo,9.90298,12.701099,14.532946
cs:Funk,-12.275004,19.702974,7.5963573
fr:Musique_de_danse,-7.1905346,-10.231788,-6.163934
nl:Dub,-17.33497,5.9503303,-10.643024
es:Electro,-11.16428,-1.8478808,-20.588959
ja:ニュー・ウェイヴ,4.0804534,-6.579063,-19.256294
en:Dance-punk,17.17114,-6.195172,-20.867682
nl:Rock,12.906977,-2.3268044,4.0069213
fr:Electronica,-5.042509,-1.4196498,-11.561161
en:Jangle_pop,11.404885,-13.400041,-5.1479115
en:Tango_music,-15.169922,-17.83556,16.409773
en:Celtic_metal,16.980595,18.834446,6.701703
en:Free_jazz,-10.742643,10.395672,11.924104
en:Novelty_song,-1.9909847,-9.6339855,2.341247
cs:Bílý_soul,-9.637214,5.109492,23.500849
en:Classical_crossover,0.3340875,14.141164,-18.025959
es:Deep_house,-21.913723,-3.1283553,-14.593256
en:Orchestra,-2.5026994,1.1240548,4.646015
ja:ニューエイジ・ミュージック,-13.186696,-8.054308,1.0900619
en:Pop_punk,21.85747,0.17331354,-18.611473
fr:Rock_japonais,-7.5258017,-22.14078,6.2583036
en:Rockabilly,15.344216,3.3328784,19.95318
nl:Symfonische_metal,4.6350417,26.011826,11.346959
es:Progressive_metal,8.729562,23.867302,-7.8969207
cs:Gothic_metal,30.204763,10.194963,-1.6184223
ja:オルタナティブ・メタル,8.9666,17.372879,16.893316
en:Dark_ambient,-2.8878958,1.948003,-16.621315
ja:ドリーム・ポップ,7.613947,-18.17484,-9.165267
nl:Hardbop,-6.1916776,16.707298,22.313429
nl:Dancehall,-23.960875,-6.9823112,14.992968
es:Glam_Rock,21.993979,-10.05053,1.9701015
fr:Synthpop,-3.8699973,-5.6951017,-23.297066
en:Lo-fi_music,-17.893867,-16.048164,-0.13148464
es:Rock_en_Español,-6.1900434,-10.734292,15.307698
nl:Klassieke_muziek,-1.81009,-4.4696736,8.461504
en:Music_hall,-6.280767,-9.434658,3.938337
es:Death_metal,12.989858,20.505714,-6.5982895
es:Ska,27.90475,-6.8459682,-7.491021
nl:Bubblegum,5.0604877,-23.353617,-7.346942
en:Mandopop,-5.7256265,-25.67056,-2.0009682
es:Rock_and_Roll,12.084526,-1.6515452,10.538074
en:Smooth_jazz,-12.640641,14.3709,15.466897
ja:ギターポップ,10.114798,-24.874636,0.7851176
es:Música_Cristiana,1.3177325,-2.0336814,14.180701
nl:Indiefolk,13.574345,-16.58694,10.575698
es:Deathcore,14.379742,17.793222,-17.028465
fr:Ska,27.511246,-7.415305,-7.3250346
fr:Rock_industriel,-5.0549474,21.960367,-11.035006
es:Trip_hop,-24.254362,1.1648948,-5.867055
fr:Dance,-7.8126817,-9.40006,-9.159837
en:Synthpop,-5.472223,-4.767939,-23.006027
fr:Schlager,-7.822235,-21.872213,-12.363133
en:Chicago_blues,1.7020799,4.5592275,27.066202
es:Dark_ambient,-2.7971416,1.8451867,-16.883364
es:Dance,-8.588441,-9.357042,-9.883714
en:Avant-Garde,0.09145108,10.93689,3.6230133
es:Rockabilly,15.070143,3.444302,20.697226
cs:Synthpop,-4.528343,-5.2266693,-22.665632
fr:Breakbeat,-11.351644,10.215449,-14.668571
fr:Musique_soul,-7.8597035,2.275352,18.14957
ja:ドラムンベース,-14.182536,5.5058393,-6.167824
es:Jazz_latino,-9.761773,-10.950115,19.686962
en:Melodic_black_metal,12.185003,21.277536,-2.04349
fr:Jazz,-8.134241,9.668,10.252106
cs:Power_pop,11.748216,-17.006985,-7.156665
es:Lo-fi,-17.598827,-15.759561,-0.055180546
en:Hardcore_hip_hop,-21.025803,16.500292,-6.481812
en:J-pop,-7.5963197,-21.405518,1.3805577
es:Hardcore_Punk,12.527755,8.062632,-20.106878
en:Latin_American_music,-10.459867,-12.410524,16.478682
ja:ディスコ,-16.272865,-13.575429,-13.874396
fr:Jazz-funk,-10.575903,16.512089,9.815382
en:Alternative_metal,11.566709,16.888695,18.34542
fr:Jpop,-8.106579,-24.183056,1.6116704
en:Classical_Music,-3.1737459,-4.5539317,8.39553
fr:Country_rock,6.6217675,-8.615609,23.444614
es:Funk,-12.358287,20.432884,7.746953
es:Hardcore_melódico,13.011899,11.203348,-22.60746
ja:ハードロック,19.815973,1.067647,3.8550053
nl:Folkmuziek,9.306768,-17.42284,10.62672
ja:フュージョン,-4.182454,16.212828,6.5983925
nl:Grime,-14.250597,9.51996,-8.579635
es:Música_ligera,0.3152694,-7.3168583,5.326366
nl:Garagerock,6.7202077,-10.317057,-31.943087
cs:Contemporary_R&B,-16.019606,-1.4595383,6.6221476
es:Pop_Rock,7.7937255,-14.73853,-3.3134732
nl:Post-grunge,13.373363,-12.481944,-20.731268
es:Art_pop,3.7602599,2.5908384,-0.012174362
fr:Alternative_Rock,11.654358,11.625007,13.691644
es:Doo_wop,-15.96351,-0.30821207,15.510434
cs:Bebop,-3.4065444,14.892822,20.957533
nl:Experimentele_muziek,-1.861782,3.200806,-1.9544764
en:Big_band,-9.4384775,5.871946,4.5506725
es:Europop,-7.0427094,-18.497498,-16.49592
fr:Pop/Rock,9.786315,-16.014387,-2.3889365
es:Swing,-16.072556,6.8220134,13.898927
es:Grunge,13.470872,-14.433338,-21.468082
ja:エレクトロポップ,-8.189838,-5.1381445,-23.839844
nl:Art_rock,4.8781295,1.3296404,-2.170057
es:Progressive_house,-19.009712,-5.0710297,-20.121342
en:Country_Music,2.667247,-8.513491,22.528893
ja:ラウドロック,11.844202,10.337857,-18.71996
en:Flamenco,-13.410679,-19.488747,17.28033
en:Folk_metal,16.516819,19.918156,4.955103
en:Post-hardcore,9.482517,6.81352,-21.446243
en:Progressive_Metal,10.106901,25.990496,-6.711369
cs:Progresivní_rock,8.991533,4.8533254,0.2565142
en:Indie_Pop,8.931349,-25.600494,0.4297988
cs:Rock,13.005671,-2.612088,6.7055693
ja:ポップ・ミュージック,2.4428606,-17.028126,-2.0354452
es:Surf_Rock,16.000862,-5.148397,9.935229
en:Enka,-11.696102,-19.714365,3.8631618
en:Classic_rock,14.363353,0.21684492,5.238779
es:Reguetón,-21.24704,-9.503953,17.912998
ja:テクノポップ,-6.309811,-4.797913,-20.96906
es:Rock_Instrumental,-4.9806976,9.927697,-4.2532578
fr:Britpop,16.752438,-13.218413,-11.762124
ja:ポップ・フォーク,5.564641,-16.118357,10.397107
en:Beat_music,-15.806332,3.8480341,5.047821
fr:Rock_progressif,9.7494,4.983089,0.46491832
fr:World_music,-7.6111054,-6.1555066,4.380851
fr:Rock_indépendant,13.745795,-26.072279,-0.15000343
en:Celtic_rock,6.063058,-8.8851385,12.006363
en:Old_school_hip_hop,-23.815464,6.484366,0.012654684
fr:Oi!,25.33889,-2.8168964,-8.019249
es:Rock_music,10.714184,-1.9776922,5.0305357
en:Indie_rock,15.04471,-26.037313,0.91352165
en:Power_metal,10.09493,24.777458,2.1883297
cs:Garage_rock,5.8396816,-10.242931,-30.364841
cs:Jižanský_rock,10.358517,-5.489066,22.780888
nl:Ambient,-4.457278,3.244462,-15.904319
es:Cantautor,5.3508344,-23.520145,8.19995
es:Power_ballad,-0.20718995,-19.98138,8.784661
en:Crunkcore,-13.51659,16.93409,-1.4603066
nl:Triphop,-23.875475,-0.24237916,-4.5382986
en:Industrial_rock,-6.263278,21.791006,-10.710202
es:Gangsta_Rap,-22.877808,18.419844,-0.34866643
es:Brutal_death_metal,12.379914,20.395393,-10.38293
en:Noise_music,7.348658,-11.841833,-13.191481
en:Sophisti-pop,4.686344,-18.685598,-4.9053
en:Fusion,-5.4744315,16.548697,8.315121
es:Rock_industrial,-5.978263,21.918678,-11.61699
ja:ノイズロック,8.109227,-10.391217,-11.1607685
en:Soul_jazz,-7.427185,7.478279,14.213056
es:Doom_metal,15.855942,14.656019,-5.2103925
ja:現代音楽,-3.2977178,-2.2767537,8.74925
fr:Protopunk,22.377604,-6.2685566,-16.63491
es:Música_house,-19.70885,-2.4039652,-16.491442
ja:エレクトロニック・ダンス・ミュージック,-7.818296,-8.780375,-8.959217
fr:Rap_français,-21.413717,10.209396,0.78116786
fr:Brutal_death_metal,12.388104,20.399256,-10.385043
en:Grindcore,13.418822,12.267615,-15.653109
en:Post_punk,14.568937,-3.7660058,-15.118696
fr:Darkwave,2.3392303,0.54184765,-20.71765
ja:器楽曲,-7.9522524,8.229407,-2.596478
es:Ópera_rock,4.060259,1.8911994,4.828638
en:East_Coast_hip_hop,-29.502253,9.511879,8.364582
fr:Dancehall_reggae,-23.636213,-7.377623,14.309618
es:Jazz_fusion,-5.0455585,16.179676,4.595087
es:Folk_pop,13.338807,-13.60995,15.797843
en:Surf_music,17.49503,-4.4510517,10.175468
fr:Emo,18.6389,6.854293,-22.698776
nl:Grunge,13.445695,-13.34693,-20.989481
fr:Stoner_rock,19.133865,4.6814175,-1.9339486
es:Breakcore,-12.22424,5.1429915,-16.48388
en:Celtic_music,5.330028,-10.3790045,12.077727
cs:Gospel,-2.0414643,-1.7926674,17.211805
ja:R&B,-14.162826,1.4221652,7.691831
nl:Hardcore_punk,12.782824,7.05233,-19.330898
es:Electro_House,-15.572795,0.17440099,-17.632723
en:Folk_jazz,-5.8376484,10.629908,9.977345
es:Jazz_contemporáneo,-4.8676333,-1.4596026,9.243845
en:Soundtrack,-1.1271176,-6.5517945,-1.2415379
nl:Doommetal,15.87286,14.48556,-4.4390635
ja:サザン・ロック,10.166561,-4.45099,22.580427
en:Acid_house,-14.043808,-3.6532397,-15.581062
ja:グラムロック,21.55073,-10.04251,2.749029
fr:Hardcore_mélodique,12.832889,11.46935,-22.854092
es:Mathcore,10.258714,14.991404,-20.422815
cs:Country_blues,2.0290737,3.246219,24.096289
fr:Musique_folk,9.714207,-15.930222,12.186473
en:Jazz-funk,-10.453475,16.773104,9.832273
fr:Big_beat,-14.521301,4.486533,2.2497585
en:West_Coast_hip_hop,-30.088264,11.159071,8.354474
fr:Dark_ambient,-2.7219644,1.8089478,-17.002853
es:Pub_rock,8.440093,-2.7657194,9.044462
en:Melodic_metalcore,11.949508,17.972532,-18.972485
es:Metal_Industrial,-2.5583458,20.770407,-10.591077
en:Popular_music,-2.204033,-10.238597,3.3760386
fr:Electro_rock,2.0932682,1.7042028,-9.441779
es:Rock_Alternativo,9.902974,12.701116,14.532949
es:K-Pop,-10.844476,-24.535124,-0.9765507
cs:House_music,-19.173899,-0.5718174,-16.153624
es:IDM,-9.713888,-4.4036064,-12.440017
nl:Disco,-16.072947,-14.469723,-13.531956
fr:Rap_hardcore,-19.837933,16.198463,-6.5572114
ja:クラシック音楽,-2.0307558,-4.0432863,8.180487
es:Art_Rock,4.2760887,3.050891,-1.0524284
en:Soca_music,-22.18382,-5.6262846,13.687383
nl:Elektronische_dansmuziek,-6.1549706,-8.057371,-8.94962
cs:Electro,-12.105862,-1.2728266,-20.434725
en:Neoclassical_metal,2.565446,26.836355,-1.3529176
cs:Southern_rock,10.9808655,-5.8434157,22.514202
fr:Musique_du_monde,-6.966891,-8.130048,4.0537767
fr:Spoken_word,-14.093599,-1.4570168,-0.08509608
fr:Noise_rock,7.8933845,-9.598835,-10.80328
es:Música_dance,-8.914216,-10.234783,-9.547585
en:Jump_blues,0.92992145,4.0878024,21.902235
en:Midwest_hip_hop,-31.332312,10.598534,6.119439
en:Thrash_Metal,7.88724,14.432829,-11.787645
en:Piano_rock,12.3288965,6.293399,7.1129336
es:Metal_extremo,13.646314,25.599165,-0.17290956
en:Post-bop,-4.984818,17.305552,19.592499
es:Jazz_Rock,-5.907691,16.210342,4.607704
en:Cumbia,-15.533236,-12.898423,20.181435
en:Doo-wop,-15.12334,-0.42327225,15.545074
fr:Swing,-15.535402,6.446807,13.9745245
es:Grime,-14.066923,9.302634,-9.099423
en:Hard_rock,18.431547,1.5288649,4.391382
fr:Abstract_hip-hop,-24.059256,12.89209,-3.7066886
es:Dance_punk,16.771221,-5.5343456,-20.273941
fr:Rock_chrétien,3.8638225,-0.6897032,13.168078
es:Trap,-17.33559,3.2541435,-1.7948203
nl:Emocore,18.18392,6.068559,-22.66574
en:Goregrind,15.728956,13.172154,-15.722872
en:Britpop,17.18531,-13.157583,-12.441173
ja:ゲームミュージック,-4.6122193,-7.016302,1.3729541
en:Crossover_jazz,1.1110328,14.362468,-19.109987
en:Funk_metal,-9.659864,22.558176,3.9489775
en:Golden_age_hip_hop,-27.182127,9.721454,-1.8952134
es:Celtic_punk,19.86172,-1.7515544,-11.539348
es:Darkwave,2.1169786,1.7460716,-19.008543
en:Latin_hip_hop,-27.369228,11.147571,-0.32477504
en:Latin_rock,-5.8455954,-13.20931,17.420757
fr:Glam_metal,5.489572,17.237972,4.9417753
ja:ゴスペル,-1.7916766,-1.6849467,18.11812
en:Soft_rock,20.791862,0.16989392,8.728322
en:Doom_metal,17.68342,14.899007,-5.3029633
en:Dirty_rap,-25.853914,14.161422,0.084255524
en:Indie,14.754784,-28.78922,1.5185956
nl:Indie,15.934233,-27.64142,-1.2582207
es:Punk_blues,9.91997,4.2391086,23.951082
es:Progressive_Trance,-17.700686,-6.8867893,-19.777958
fr:Krautrock,13.143873,0.9460288,-8.389842
es:Canción_de_autor,5.123052,-23.385038,8.240446
fr:Post-bop,-5.295447,17.675892,19.615479
fr:Hip-house,-23.054298,2.4915917,-14.384578
en:Raga_rock,13.622984,-3.8353143,6.515785
es:House,-19.227182,-2.116942,-15.911333
cs:Power_metal,9.850949,25.933788,2.4733992
en:Third_stream,-6.5212283,-7.728214,2.0917244
es:Trip-hop,-24.54541,0.6713661,-5.727035
es:Death/doom,15.944664,16.389853,-6.291563
es:Música_Pop,3.5339622,-16.28776,-3.7324984
es:Pop_psicodélico,4.469156,-15.215519,-4.649488
cs:Barokní_pop,5.51174,-14.50626,2.4241092
fr:Happy_hardcore,7.667971,8.000439,-22.186094
en:Darkwave,0.43138078,1.1107422,-19.994778
fr:Jazz_fusion,-4.8805947,15.50901,6.431856
en:Rap,-25.770956,13.169876,-0.6479559
es:Metal_experimental,2.1660702,10.808583,-2.0079741
en:Neofolk,11.787301,-18.802639,13.473703
es:Escena_de_Canterbury,-11.739883,-3.6747606,3.675012
cs:Reggae,-23.151424,-2.9560072,15.148817
cs:Britpop,16.479904,-12.498243,-12.287339
en:French_hip_hop,-21.412697,10.1680765,0.80129904
fr:Musique_country,4.493943,-8.948887,23.54414
en:Dance_pop,-4.9813495,-13.859058,-8.707408
es:Big_beat,-14.393456,3.910482,2.4446259
ja:AOR,14.264552,-8.064735,2.438387
en:Post-punk_revival,9.089607,-4.7084165,-16.737766
es:Música_rock,11.099874,-2.97387,6.234619
ja:ハード・バップ,-5.914824,15.89439,22.742664
fr:Nu_jazz,-9.820981,10.710611,9.538476
es:Rock_cómico,4.6414223,-5.301215,1.5753841
es:Avant-garde,-1.1114734,9.969251,1.7840894
cs:Indie_pop,10.015125,-25.336584,0.2733559
ja:ブリットポップ,17.291277,-12.303092,-12.025992
ja:フリー・ジャズ,-11.08921,10.190159,12.567671
es:Post-metal,9.667958,23.784966,-1.813242
en:Acid_techno,-12.596534,-2.8280447,-15.469177
fr:Post-grunge,16.318293,-15.726503,-21.786589
nl:Poprock,10.499448,-14.807925,-1.6943778
cs:Alternative_dance,-9.25073,-13.927172,-7.100362
es:Deathgrind,15.942173,15.330894,-15.314988
en:Contemporary_R&B,-15.782771,-2.500738,6.2809396
en:Hi-NRG,-15.437536,-17.317684,-0.9527467
nl:Vikingmetal,17.788435,23.89774,7.3929954
en:Blues,1.4800792,6.5259876,23.609991
es:Balada_pop,-2.7978077,-18.894287,11.29719
en:Christian_music,1.5309774,-1.7444582,14.510631
en:Dark_wave,1.4929411,0.5841325,-19.735117
es:Hip-Hop,-22.22907,11.12307,-5.246344
es:Trance,-16.91183,-8.116324,-19.861599
fr:Intelligent_dance_music,-9.581956,-5.1460824,-11.063223
cs:Gangsta_rap,-23.077154,17.780142,-0.6039715
ja:ハードコア・パンク,11.887273,7.6754713,-19.22983
en:Power_pop,12.071204,-16.633629,-6.4018736
en:Experimental_rock,2.1644344,7.205597,-0.6688638
ja:グラム・メタル,5.3888936,18.001143,5.755818
nl:Eurodance,-9.170963,-17.691914,-14.313983
es:Rock_neoprogresivo,9.048277,8.954279,-0.058883958
es:Groove_metal,5.5910897,17.807371,-12.063842
en:Progressive_folk,7.9371085,-16.281881,14.689681
es:Avant-rock,1.9824805,6.161862,-0.7289164
es:Folk_psicodélico,15.342176,-17.158022,15.355745
es:Pop_latino,-8.041217,-14.9757395,17.408014
en:Traditional_music,6.577978,-15.923271,13.319248
fr:Ragga,-25.152512,-5.7081223,12.361996
cs:Grindcore,13.870646,12.472591,-16.345789
ja:ムジカ・ポプラール・ブラジレイラ,-10.695045,-15.069974,12.218265
ja:スクリーモ,14.820103,6.5101957,-24.377815
ja:ロック,13.67706,-2.381995,5.479999
cs:Speed_metal,9.80999,30.11439,1.7281897
fr:Bebop,-3.0642397,15.539278,19.722576
ja:メロディック・ハードコア,12.72568,10.933826,-22.409035
es:Rock_experimental,2.9109423,5.4671063,-1.1846483
es:Rock_de_fusión,-6.1215367,16.028067,3.0106537
es:Hard_Rock,18.671373,2.193291,3.173248
fr:College_rock,16.548107,8.830289,11.558658
fr:Musique_de_variétés,-0.09932592,-7.4504967,5.824385
en:Ska_punk,25.92754,-7.45044,-8.426509
es:Garage_Rock,6.705773,-10.026065,-30.829447
cs:J-pop,-7.7646375,-22.070976,0.4041139
en:Urban_music,-20.56952,-1.9442731,4.359298
en:Alternative_hip_hop,-26.313927,13.33044,-4.763974
ja:香港ポップス,-6.236142,-24.551517,-3.553726
ja:グラインドコア,14.273529,11.909148,-16.209751
cs:Experimental_rock,2.7229857,6.771125,-2.507711
ja:カントリーロック,6.7535872,-8.619549,22.593496
es:Dance_alternativo,-11.051372,-12.985846,-7.579995
nl:Popmuziek,1.9936237,-18.143028,-1.1190698
en:Reggae_rock,-22.208776,-2.66445,13.770417
nl:Filmmuziek,-2.0089412,-5.447424,1.0788438
nl:Psychedelisch,17.60492,-5.3659635,-4.57014
es:Euro-pop,-6.438208,-18.104567,-16.479202
es:Nu_metal,2.8529286,20.06592,0.29465365
cs:Eurodance,-9.353493,-16.572134,-14.702491
fr:Teen_pop,0.93772024,-19.852346,-8.060774
fr:Synthpunk,12.072413,-2.4043524,-21.301275
fr:Funk_rock,-11.496518,20.73696,4.528401
es:Ópera,1.3473576,0.836506,5.304106
es:Metal_gótico,28.91466,8.713893,-1.3434751
es:Post_punk_revival,9.306264,-4.3182297,-16.410172
en:Electronicore,2.243518,-0.62852824,-11.3507395
en:Bossa_nova,-10.835992,-6.2841954,17.126749
es:Pop_alternativo,4.117217,-15.079408,-3.2461398
ja:ネオクラシカルメタル,3.1475985,26.242977,-0.8456328
es:Reggaetón,-22.000359,-9.313675,18.55889
en:Funk_rock,-11.746214,20.996935,5.324607
en:Salsa_music,-15.637884,-14.236733,16.608402
es:Música_acústica,-4.828267,5.5775504,-7.83038
fr:Surf_music,17.04303,-4.9056377,10.244875
en:Glitch,-11.917885,-4.385639,-6.577833
es:Power_Metal,9.168016,25.57216,3.308951
en:Space_rock,7.638203,4.9089355,-8.442136
fr:Electro_hop,-13.084005,-0.27186754,-21.70442
en:World_fusion,-8.453251,-9.645184,5.313274
fr:Acid_jazz,-9.803835,13.907883,10.720815
en:Nu-disco,-15.291322,-13.238214,-10.621021
ja:ポップ・パンク,21.022863,0.9866127,-18.78994
fr:Jazz_modal,-8.601968,12.020739,14.262263
en:Reggaeton,-20.219795,-9.959691,17.21146
en:Hardcore_punk,11.8646,5.988703,-20.135191
fr:Pop_Rock,8.921184,-16.086803,-2.5264344
ja:ダンス・パンク,16.11801,-6.337879,-19.537321
fr:Mandopop,-5.7111588,-25.709896,-1.9542847
es:Metal_Alternativo,10.494718,16.854637,18.39843
nl:G-funk,-15.105802,23.507225,8.475045
fr:Fusion_de_genres_musicaux,-7.0148325,17.21546,3.7893567
nl:Electro,-11.487885,-1.3268284,-21.751577
en:Shock_rock,19.240223,-4.866767,3.38791
nl:Nederlandstalige_muziek,-5.015717,-7.810384,6.0599337
es:Minimal,-10.300072,0.9978061,-10.473423
fr:Drum_and_bass,-14.346603,4.410709,-5.5598516
ja:ブルース,2.0800843,5.3428907,24.237623
nl:Progressive_house,-20.015804,-4.482165,-21.477547
en:Slowcore,8.016762,-1.5825229,-7.4581695
en:Speed_metal,9.261018,30.984558,2.0000753
cs:Grunge,13.535647,-15.187639,-21.447823
nl:Industrial,-5.533398,19.112213,-12.406088
en:Folk_pop,11.682003,-14.179858,16.626446
cs:Punk,18.802711,-0.4743959,-18.566412
cs:Soft_rock,20.64443,-0.4260157,7.609401
cs:Symfonický_metal,4.966509,24.278616,10.285328
es:Contemporary_R&B,-16.187119,-0.7696835,9.715236
fr:Blues,1.3564705,4.9615154,24.142763
nl:Trap,-17.300694,3.2249336,-1.6920847
en:Film_score,-2.5015953,-4.4854183,1.1897037
es:Metalcore,11.241544,17.16666,-16.720047
nl:Rap,-21.147049,12.430474,-1.8271282
es:Industrial_metal,-2.4208548,21.043022,-11.818245
en:Digital_hardcore,9.800166,5.7716837,-20.849998
nl:Fusion,-5.3321176,16.521566,6.5500026
en:Drone_metal,3.0002801,9.98909,-8.610116
en:Alternative_pop,7.8860083,-25.426874,0.18518463
es:Disco,-15.704171,-13.766235,-12.964333
es:Death_metal_progresivo,10.49449,22.191853,-7.718023
es:Crossover_clásico,0.5868739,12.440687,-17.929426
cs:Free_jazz,-11.592115,10.552107,12.331741
cs:Trip_hop,-23.156052,0.639487,-6.008308
en:Trap_music,-17.274067,3.209997,-1.6331173
es:Funk_metal,-9.534439,22.12999,3.5945616
en:Neo-psychedelia,15.078714,-4.361325,-6.2164736
fr:Math_rock,8.933495,-0.68419415,0.40801153
fr:Neo_soul,-10.798502,1.2171651,19.22195
fr:Electroclash,-8.576076,0.10993946,-22.674591
cs:Surf_rock,13.362105,-2.548751,7.9900928
ja:ソウルミュージック,-8.279084,3.8861153,18.954576
ja:レゲエ,-23.449032,-3.6347644,15.707533
en:Minimal_music,-10.165679,1.3484704,-8.9422245
nl:Drum_and_bass,-14.169544,5.311051,-5.24591
es:Math_rock,8.933506,-0.6824118,0.40393373
en:Boogie_rock,4.1640854,5.9105983,16.741869
cs:Emo,18.516775,6.119545,-22.518522
en:Electronica,-5.7081847,-1.2202253,-11.32941
es:Gangsta_rap,-22.877808,18.419844,-0.34866643
cs:Post-grunge,15.492496,-16.106512,-21.512531
es:Música_Electrónica,-3.4956117,-1.2798423,-6.6914406
ja:ドゥームメタル,15.959527,14.015298,-5.058876
es:Tango,-15.740235,-18.543987,15.986863
fr:Metal_alternatif,10.938583,17.450615,17.69757
nl:Hiphop,-21.794605,10.529932,-3.2102056
en:Big_room_house,-16.68087,-1.1051155,-16.601055
fr:House,-19.290194,-1.973067,-14.937564
en:Cabaret,0.6621719,-8.921544,-7.093028
fr:Funk_metal,-9.718185,21.839277,3.5673373
nl:Hiphouse,-23.40411,3.141743,-14.664132
fr:Rocksteady,-21.394949,0.745618,11.935279
fr:Crunkcore,-13.473348,16.98583,-1.4536258
en:Avant-garde,0.09145108,10.93689,3.6230133
es:Rhythm_and_Blues,-15.237376,0.091698214,10.58979
fr:Dance-pop,-5.830123,-15.321401,-8.751853
nl:Dancepop,-3.2646554,-15.195213,-9.746611
fr:New_jack_swing,-16.492504,4.350987,10.276835
en:Dixieland,-4.551661,10.204043,13.56848
en:Electronic_rock,1.5186341,-0.14742756,-9.055505
en:Rhythm_and_blues,-12.656343,0.2638853,9.158072
en:Afrobeat,-28.239042,-3.9676576,15.097114
es:Rapcore,-11.079792,22.253521,-1.5949471
nl:Postrock,8.16178,0.7183515,-8.265629
en:Funk,-11.254149,21.22556,8.629367
es:Música_celta,4.641437,-10.369009,12.670969
fr:Pop_rock,9.494012,-15.3178,-2.7735631
en:Symphonic_rock,7.7260375,5.4253564,3.9316502
es:Rock_&_roll,11.711525,-2.6868255,10.928325
nl:Bluesrock,8.368868,4.7143683,19.865822
fr:Musique_instrumentale,-7.50838,8.767246,-2.033343
en:Pop-rap,-30.972294,6.2168164,-0.18837269
es:Thrash_metal,9.071503,15.390542,-12.227239
es:Death/Doom,15.944664,16.389853,-6.291563
es:Villancico,-2.7681768,-12.144746,10.276354
en:British_rhythm_and_blues,-9.926639,-0.05422211,10.209884
nl:Postpunk,13.404631,-5.551489,-14.96604
cs:Dubstep,-13.685952,7.2159815,-13.520747
ja:実験音楽,-1.6568626,3.367625,-2.8031595
es:Power_pop,12.814087,-16.349726,-6.858075
es:Spoken_word,-14.093682,-1.4597738,-0.08660181
cs:Elektronická_hudba,-4.6272974,-1.6691432,-6.3514647
fr:Alternative_country,3.9915972,-6.391683,26.43635
fr:Lo-fi,-17.65738,-16.009096,0.4801188
cs:Hard_bop,-5.1751666,15.619386,22.380554
es:Avant-garde_metal,1.9606192,11.521249,-1.4497287
fr:Musique_celtique,4.5198755,-10.068152,11.987361
es:Cumbia,-15.185791,-12.851671,20.382753
nl:Barokpop,6.464958,-13.914869,3.8459895
en:Rock_music,13.90705,-1.0248516,5.6812735
en:Blues_rock,6.887168,4.7982492,21.345644
fr:Musique_pop,1.2706771,-18.292397,-3.2419155
es:Música_cinematográfica,-1.5879087,-5.832616,2.3387938
en:Melodic_death_metal,15.98365,21.86644,-7.902134
ja:スピードメタル,10.039684,31.111252,1.5993739
en:Viking_metal,17.439499,23.622028,6.4776654
ja:アイドル歌謡曲,-4.052683,-16.334255,-2.8240077
es:Symphonic_metal,5.724192,26.33551,9.009931
cs:Blues_rock,7.143962,2.5007768,20.587557
en:Post-industrial_music,-7.4174747,19.653814,-12.855894
fr:Dance_pop,-5.223216,-15.681811,-8.497392
nl:Rock-'n-roll,12.455066,-0.74506336,10.964728
es:Dark_wave,2.0448575,0.624752,-19.37055
es:Flamenco,-13.106614,-19.86984,17.318157
nl:Alternatieve_rock,10.656188,13.704805,12.846757
es:Alternative_metal,10.42676,15.47317,19.370256
fr:Rock_and_roll,10.92336,-0.09566417,10.960569
es:Rock_sinfónico,7.6061673,4.6239734,4.4544835
es:Art_punk,15.8968,-0.546804,-15.066519
cs:Glam_rock,21.790356,-9.276518,2.4908726
fr:Death_metal_mélodique,16.613514,21.26985,-8.507433
fr:Rock_électronique,1.8319985,-0.03987113,-9.817077
nl:Alternatieve_hiphop,-25.71096,13.573487,-5.486038
en:Christian_metal,12.658749,18.40777,3.6447175
en:Chamber_pop,6.3170485,-16.661772,1.3645971
nl:Death_metal,11.355441,18.170221,-6.2392583
en:Modal_jazz,-8.602318,12.020166,14.261925
en:Punk_Rock,20.21335,-3.0225008,-17.416574
nl:Ska-punk,26.745346,-7.3167357,-9.0465765
en:Mafioso_rap,-24.766485,17.70952,0.21856472
en:Euro_disco,-11.897221,-16.762402,-14.720399
en:Neue_Deutsche_Härte,0.45283553,19.916285,-5.454156
ja:インダストリアル・メタル,-2.6357846,20.844067,-9.539383
es:Blues_Rock,7.9918485,3.165561,21.533478
nl:Hardstyle,-14.289143,5.595652,-20.5687
es:Hip_hop_music,-21.482079,11.192807,-6.638554
nl:Blue-eyed_soul,-10.058034,3.7077951,24.783161
es:Alternative_Metal,10.42676,15.47317,19.370256
en:Minimalist_music,-10.15147,1.3698044,-8.859022
es:MPB,-10.4319315,-15.6473875,11.408571
fr:Zouk,-19.810295,-6.36044,13.34848
es:Shoegaze,9.40705,-4.6031013,-9.779773
cs:Doom_metal,15.920249,14.357285,-5.605161
es:Progressive_House,-19.009712,-5.0710297,-20.121342
fr:Rap_rock,-9.829586,18.561302,-0.63738275
en:Electroclash,-8.769586,-0.0022831527,-22.514877
es:Alterlatino,-3.1847029,-14.76573,17.24206
es:Vanguardismo,-1.0178291,11.300802,1.904589
en:Latin_Rock,-5.8455954,-13.20931,17.420757
en:Psychedelic_pop,8.263217,-19.519058,-4.446532
fr:Electro-rock,2.0932682,1.7042028,-9.441779
nl:West_Coast-hiphop,-29.152254,10.02549,9.857614
en:Folk_music,6.5867786,-16.18692,13.565402
en:Gospel_music,-1.7738379,-2.88895,17.339148
en:Crunk,-15.023521,15.25036,-1.6710538
fr:Garage_punk,8.425345,-8.481486,-32.05283
nl:Reggaeton,-20.348322,-9.213162,17.095205
en:Alternative_Rock,10.983934,13.684944,14.471858
es:Rock_progresivo,9.273635,5.487041,0.05532898
en:Avant-garde_metal,2.5496795,12.000221,-1.4765168
en:Electro_house,-16.140848,-0.60591525,-17.0621
fr:Tech_house,-16.83155,-0.89946485,-13.290526
en:Electric_folk,9.089641,-16.10742,14.205647
es:Dancehall,-23.919506,-6.7253675,14.174151
fr:R&B_Contemporain,-15.696512,-3.0390446,4.8693604
es:Folk,10.540074,-17.0881,12.732291
es:Soul_music,-5.9872847,2.7658103,19.813862
en:West_coast_hip_hop,-29.546635,11.197834,8.534357
es:Rock_sureño,9.547013,-4.55306,23.147888
nl:Rhythm_and_blues,-13.309588,0.83525866,11.127732
fr:R&B_contemporain,-15.696091,-2.9757524,4.7978616
ja:シンセサイザー音楽,-6.506938,-2.1626337,-6.0247555
fr:Rock_symphonique,7.8545275,5.471709,4.617833
ja:ポスト・パンク,13.246745,-4.1271005,-16.219595
en:New_jack_swing,-16.48454,4.399239,10.355481
en:Rock_&_roll,14.281739,-0.39002645,12.487476
en:Neoclassical_dark_wave,2.0563219,27.948112,-1.3377883
es:Música_independiente,15.249144,-28.692022,3.5206938
en:Heartland_rock,7.9045053,-5.586794,23.114645
nl:Alternatieve_metal,10.784015,16.610556,17.540314
fr:RnB_contemporain,-15.5447855,-1.7152797,5.4830666
es:New_romantic,3.6213844,-4.2249937,-16.471731
fr:Deathcore,14.311854,17.560162,-17.293306
nl:Alternative_dance,-10.300544,-14.035724,-8.0095415
nl:Hard_rock,19.354233,3.0181832,5.0079856
es:J-Pop,-8.91492,-22.413303,1.0924423
en:Experimental_music,-2.2764337,4.28998,-2.0690331
ja:ソウル・ミュージック,-8.279411,3.886405,18.954563
ja:ノイズポップ,8.204367,-12.39152,-9.815058
es:Sleaze_rock,18.54382,4.525063,1.2480211
en:Progressive_pop,10.313004,3.5787394,1.1682338
fr:Rock_sudiste,9.912647,-4.863161,23.575542
en:Country_pop,6.3201528,-11.2387905,20.129658
nl:Americana,0.30043384,-11.685218,26.938057
fr:Rapcore,-11.017588,22.006596,-1.6013799
fr:Électronique,-3.090501,-0.5152816,-9.041567
fr:Grime,-14.145248,9.299219,-9.053033
es:Boogie_rock,4.411829,5.711706,16.925133
nl:Instrumentale_muziek,-7.9925923,8.802458,-1.820675
ja:電子音楽,-5.297983,-1.7967782,-6.9796467
es:Música_de_América_Latina,-11.327829,-12.533827,15.358426
en:Alternative_country,3.8277814,-6.8599873,26.63877
es:Punk_pop,21.653427,1.0014135,-16.397614
fr:Hard_rock,19.792578,2.1503994,3.1394303
nl:Glam_metal,6.223608,17.148165,5.637018
es:Jazz_fusión,-5.1616282,15.811195,5.600903
fr:Tango,-15.229143,-17.994762,16.301607
en:Chamber_music,-5.71839,7.6091466,8.920762
fr:Avant-garde_metal,1.8346466,11.818964,-1.6715602
nl:New_age,-13.367414,-7.651312,0.2482981
fr:Soul,-8.174305,1.4883995,18.003683
es:Música_pop,3.5338984,-16.287804,-3.7326078
fr:Samba,-15.226597,-16.16685,12.356543
cs:Avantgardní_jazz,-2.5722804,12.579624,4.8128924
en:Avant-garde_jazz,-2.0743463,8.455462,4.7166266
nl:Gothic_rock,28.245024,7.5982356,-5.6036916
en:Art_rock,5.395209,3.1300907,-1.3789015
es:Pop,3.4589348,-15.77465,-3.7320657
ja:J-POP,-7.3629737,-22.616446,-0.36519298
en:Southern_hip_hop,-29.083431,10.285251,6.441067
nl:Deathmetal,11.428668,18.234005,-6.2586684
en:Grime_music,-13.50234,9.401262,-9.060291
fr:Electronique,-2.715917,-0.2960602,-9.073193
es:Indie_folk,13.461469,-16.5479,10.911921
es:Punk_rock,19.271893,-1.0860358,-15.445401
en:Dance-rock,-5.1792274,-12.238596,-12.606386
ja:ヘヴィメタル,8.628331,19.885756,0.53410226
en:Anti-folk,10.910716,-18.261831,16.767845
en:Singer-songwriter,5.56727,-23.602528,8.109901
es:Folk_metal,17.144941,19.857697,5.279068
fr:Zeuhl,12.958487,3.19614,-5.5442777
es:Glam_metal,6.1534333,17.83316,4.9847
es:New_age,-13.15082,-6.8754797,0.5367033
cs:Progresivní_metal,8.38603,26.245304,-7.7613797
es:Comedy_hip_hop,-23.190454,9.082002,-8.402976
en:Psychobilly,26.648602,-2.7419753,-17.033882
fr:Electronic_music,-4.1457453,-3.4580758,-7.245511
fr:Swamp_pop,8.372561,-5.3690214,18.551132
es:Britpop,16.67491,-12.658162,-11.535388
cs:Drum_and_bass,-14.980981,4.978805,-5.9876485
cs:Cool_jazz,-14.673629,12.018432,11.603256
ja:メロディックスピードメタル,16.11147,23.43161,-10.182577
es:Música_psicodélica,17.356026,-3.8017771,-5.409139
es:Country_alternativo,3.9056566,-6.6204805,26.43064
fr:Reggaetón,-20.511904,-9.710913,16.816647
fr:Boogie,2.1683407,6.617995,17.192377
en:Pop-folk,12.486992,-13.866104,17.002075
fr:Space_rock,6.445808,5.1066055,-8.060842
nl:Progressieve_Rock,11.127008,6.5559316,-0.100317165
en:Orchestral_pop,4.7362766,-16.219408,3.0269814
es:Metal_industrial,-2.4946022,21.198427,-10.450057
fr:Crunk,-15.020277,15.220334,-1.681779
cs:Disco,-15.222504,-14.15563,-13.719703
es:Neo_soul,-11.033324,1.799493,19.48356
es:Metal_Extremo,13.646002,25.597994,-0.17297056
fr:Folk_rock,11.766071,-13.599013,13.522584
nl:Artrock,5.349655,2.0279758,-2.0919461
fr:Post-hardcore,9.047574,7.5538054,-22.230625
fr:Sludge_metal,12.000323,13.142489,-8.878733
cs:Indie_rock,13.877526,-25.403389,0.5673758
en:Rock_en_Español,-5.020039,-10.502498,15.521582
fr:Rap_conscient,-21.89374,13.099598,1.4961107
fr:Screamo,15.215096,6.4428763,-24.407818
fr:Musique_acoustique,-4.39086,5.42485,-7.7581406
fr:Fusion,-7.981197,18.176775,2.539489
es:Hip-hop,-21.953007,10.76078,-5.3084874
en:Instrumental_music,-7.6881785,9.925745,-2.7040734
fr:Punk_rock,18.770555,-2.4937725,-16.766613
fr:Ballade,-1.0433503,-20.562307,10.942715
fr:Piano_rock,12.204846,6.7617235,7.096033
fr:Rap_West_Coast,-30.428787,10.637646,10.228156
fr:Ragtime,-10.638996,4.2026806,10.9706545
en:West_Coast_Hip_Hop,-30.088264,11.159071,8.354474
es:Cello_rock,11.075663,5.2627764,5.099659
fr:Alternative_rock,11.65436,11.625557,13.69229
fr:R'n'B_contemporain,-15.429702,-1.794102,5.651412
en:Emo,19.075464,5.4536576,-22.149563
es:Death_Metal,12.989858,20.505714,-6.5982895
fr:Heavy_metal_music,9.754758,20.750025,1.452761
ja:カントリー・ロック,6.7535872,-8.619549,22.593496
en:Easy_listening,-21.237005,-7.511401,-3.948752
cs:Alternative_metal,10.402942,18.632593,18.854942
es:Reggae,-24.02139,-3.447249,14.615211
ja:アート・ロック,4.7798257,3.1755474,-2.0783694
fr:Rap_East_Coast,-29.706726,8.966887,9.7449665
cs:Hard_rock,18.911226,1.2245413,3.0141826
en:Punk_rock,20.213335,-3.022524,-17.416582
en:Glam_metal,6.5890055,18.488962,5.420151
es:Son_montuno,-17.778206,-14.701031,18.235497
ja:トリップ・ホップ,-23.566076,-0.18935503,-5.7261558
nl:Darkwave,1.5780948,-0.0027965482,-19.437769
fr:Électro-rock,1.7475291,0.5461263,-9.645908
cs:Rhythm_and_blues,-13.874841,1.0386287,9.697008
en:Exotica,-9.623699,-8.338843,5.1996627
es:Pop_punk,21.294495,0.8147083,-17.286192
fr:Rap,-21.770187,12.938287,-2.0246117
es:Canción_protesta,-2.5069287,-14.23354,4.512527
en:Jazz_music,-6.7971473,10.33713,9.51984
es:Folk_punk,14.88638,-12.9885235,11.989665
cs:Industrial_metal,-1.9560009,21.937372,-9.278602
ja:メロディックデスメタル,15.641729,22.652302,-9.747419
nl:Jazz,-7.5483017,10.959758,11.343243
nl:Twang,4.235976,-6.2074394,27.140966
ja:ジャズ・フュージョン,-3.4138737,16.788378,6.6512146
en:Europop,-7.495753,-18.594082,-16.25456
es:Música_electrónica,-3.4956117,-1.2798423,-6.6914406
es:R&b,-14.674063,-0.17352982,8.999441
es:Música_experimental,-2.181191,2.9944274,-2.9672363
es:Hi-NRG,-15.3763685,-17.328882,-0.9583043
fr:Reggaeton,-20.775532,-9.80867,16.051931
es:Dance_pop,-4.6719522,-14.3707695,-9.707812
es:Hard_rock,18.670885,2.193057,3.1735146
en:No_wave,5.2137313,-4.2726583,-19.998594
fr:Blues_rock,6.7525783,3.4311416,21.02645
nl:Avant-garde,-0.605151,10.673595,2.72627
es:Electrónica,-4.025128,-1.0292454,-9.107229
cs:Swing,-15.582673,6.422962,13.282041
en:Technical_death_metal,12.538933,24.094074,-6.585405
es:Soft_Rock,21.741755,-0.41174355,6.99226
fr:Death_metal_technique,13.545975,19.182123,-5.5071344
en:Punk_jazz,-7.6010795,11.831141,8.679654
es:Soft_rock,21.691446,-0.2527663,6.88487
es:Rock_psicodélico,15.277544,-3.3702395,-3.8435419
en:Thrash_metal,7.886628,14.433189,-11.787158
fr:Glam_rock,22.225964,-9.904458,2.990641
fr:Dubstep,-14.035304,6.7232223,-13.512066
fr:Metal_progressif,8.464903,26.040339,-6.5559444
es:Música_medieval,-0.7959832,-5.186099,9.939782
cs:Folk_rock,12.627613,-14.265348,13.117128
nl:Singer-songwriter,5.9393935,-23.913479,8.115611
en:Contemporary_worship_music,0.25641578,-2.024613,15.380803
fr:Roots_rock,13.1251545,-9.198449,18.86633
en:Dance_music,-6.8077755,-10.52226,-6.1436768
en:Hardcore_techno,8.751981,7.1645594,-19.114178
es:Pop-Rock,8.076565,-14.381565,-2.8107176
nl:Countrymuziek,3.7256463,-10.322437,23.43042
cs:Latin_pop,-9.2678,-14.650233,16.299652
en:Black_metal,12.200416,20.894093,-1.8856348
es:Música_folk,10.008386,-16.70533,12.581768
en:Urban_contemporary,-20.679348,-1.7648981,4.15975
nl:Soundtrack,-0.78295636,-6.854447,-1.6515491
es:Dance_Pop,-4.5701494,-15.055694,-9.28457
fr:Psyché_folk,15.659948,-15.822201,14.103165
en:Power_Metal,10.095042,24.777733,2.188084
nl:Hardrock,19.48094,2.545184,4.2335806
es:Música_tropical,-10.935662,-10.964832,10.408332
es:Acid_house,-14.089968,-3.472914,-15.638069
es:Rock_Gótico,27.662542,6.654054,-5.5852456
es:Easy_listening,-21.000896,-7.557296,-4.76907
en:Progressive_trance,-17.027319,-8.822879,-21.24923
fr:Big_band,-10.040822,5.875454,4.2782426
cs:Death_metal,14.111131,20.367826,-6.299309
cs:Pop_punk,20.32934,0.6161569,-18.357399
en:Art_pop,4.3652515,-19.190468,-0.47603333
fr:Jazz-rock,-2.6411808,14.153715,8.666796
es:Schlager,-7.7689047,-21.971706,-12.395708
es:Música_disco,-15.421533,-13.769507,-13.02777
fr:Urban,-21.31312,-1.0285598,3.6928453
ja:ブルースロック,7.2975492,3.828605,20.266443
es:Nu_jazz,-9.9907875,10.739234,9.478073
cs:Post_bop,-3.6691613,14.184763,22.067642
fr:Shock_rock,19.23052,-4.847684,3.3817728
en:Music_of_Puerto_Rico,-9.3579035,-11.028825,15.242124
fr:Musique_hip-hop,-23.02144,12.139833,-2.7627094
cs:Heavy_metal,8.746312,20.967901,0.42627692
en:Hip_hop_music,-26.45344,11.49667,-1.7727464
cs:Viking_metal,16.702127,23.647541,6.540613
nl:Rapcore,-11.186034,22.688465,-1.5773219
en:Opera,2.3697577,0.67897856,6.3541217
es:Rock_Experimental,2.911129,5.467151,-1.1843793
es:Speed_Metal,10.025623,30.553387,2.6173043
en:Ska,27.375616,-8.185565,-7.0629015
nl:Metalcore,10.530662,16.792433,-17.540428
fr:Disco,-15.163329,-14.656987,-12.809117
cs:Techno,-10.372677,-0.33828533,-14.5047655
ja:オルタナティヴ・ロック,8.693236,14.004648,14.046044
nl:Rap-rock,-10.123637,17.779726,-0.9095997
ja:シンセポップ,-5.27435,-5.642193,-22.72687
fr:Musique_traditionnelle,5.1882744,-16.847605,13.6312475
en:Mathcore,10.060647,14.681005,-20.382193
es:West_Coast_jazz,-28.496422,8.940552,12.300819
nl:Post-punk_revival,9.271507,-3.0184817,-15.610773
es:Trip_Hop,-24.54541,0.6713661,-5.727035
es:Hip_hop_hardcore,-20.166185,15.372461,-6.7704372
en:Ranchera,-12.882057,-14.15211,23.055157
es:Nu_Metal,2.8517487,20.06808,0.29057226
es:Metalcore_melódico,11.30621,17.558105,-16.056547
en:Country_music,2.667146,-8.513331,22.528788
en:Hip_house,-23.059631,2.4758348,-14.147527
fr:Gangsta_rap,-23.15611,18.044615,-1.1241775
es:Cowpunk,23.736605,-2.0988388,-14.606239
en:Japanese_Pop,-8.765115,-19.921322,0.50999874
fr:Folk_music,9.485212,-15.165764,11.509819
fr:Visual_kei,-7.442654,-27.144894,4.8381147
nl:Gospel,-2.3555295,-2.8596725,19.108347
fr:Rock_music,11.963065,-0.7839865,6.1961055
fr:Indie_dance,-10.21888,-14.122596,-7.446501
es:Alternative_Rock,9.741293,12.444485,16.07779
ja:パワー・ポップ,12.3295145,-17.496208,-6.4999657
es:West_Coast_rap,-30.67446,9.818466,9.343601
fr:Horrorcore,-16.06295,17.902182,-5.499769
es:Música_renacentista,-1.8088747,-5.1665177,10.30334
ja:インディー・ポップ,10.52123,-23.98488,1.2159766
en:Alternative_rock,10.983934,13.684944,14.471858
en:Nu_metal,3.8309746,21.124813,0.6794453
es:Techno,-10.639888,-0.06894032,-15.252595
es:Música_clásica,-1.3267746,-3.3510237,8.671794
en:Bubblegum_pop,5.5494957,-23.292847,-6.9529986
ja:ジャズ・ロック,-6.5938354,16.81647,4.6874795
nl:Rootsrock,13.767874,-9.346652,18.871668
es:Brostep,-12.716287,5.904829,-14.146679
cs:Rockabilly,15.337583,2.7002313,20.709688
en:Japanese_pop,-8.765115,-19.921322,0.50999874
en:West_Coast_jazz,-28.496378,8.942087,12.297587
fr:Rock_instrumental,-5.2776914,9.784514,-4.8691382
es:Punk,19.755688,-1.670274,-15.954555
es:Balada,-1.4302287,-20.579565,11.111259
es:Groove_Metal,5.7794905,17.777254,-11.736807
es:Punk_Rock,19.292536,-1.0817338,-15.441707
es:Rock_latino,-6.0820303,-13.126209,18.154945
es:Post_punk,13.638082,-3.6217742,-13.831254
en:American_folk_music,5.8228183,-15.43848,11.9532385
fr:Grindcore,14.503733,12.307374,-16.218052
en:Surf_rock,17.554098,-4.342444,10.142404
es:Gothic_Rock,27.234428,6.6384487,-4.517656
nl:Heavy_metal,8.537044,19.971754,-1.8945804
es:Surf_rock,16.000862,-5.148397,9.935229
es:Intelligent_dance_music,-9.606663,-4.866342,-11.566796
en:Acid_rock,17.119171,-0.7286363,-2.1833582
cs:Dream_pop,6.019671,-18.64488,-6.0485263
cs:Synth_rock,1.0103028,0.0039016241,-10.019742
fr:Trance,-16.047169,-8.519145,-19.921808
fr:Bubblegum_pop,5.346054,-23.297962,-7.448637
es:College_rock,16.547735,8.830978,11.559136
es:NWOBHM,18.507355,5.2964935,0.51464534
ja:C-POP,-4.7690015,-21.73135,-0.9138317
es:West_Coast_hip_hop,-31.646814,8.863629,9.569938
nl:Post-punk,13.115312,-6.3189855,-15.26822
cs:Taneční_hudba,-7.766668,-9.982399,-6.2585535
nl:Akoestische_muziek,-4.9665093,4.8323183,-6.455948
nl:Metal,8.524763,19.88613,-2.1135135
fr:Rap_politique,-22.445625,13.085979,1.1859102
fr:Musique_bruitiste,6.45529,-11.40224,-13.377996
fr:Punk_blues,9.874498,4.2499757,23.93687
cs:Beat,-15.186456,4.281723,5.3869605
en:Electric_blues,2.863115,4.878135,22.846958
en:Italo_disco,-12.638916,-15.558421,-14.740388
es:Blue_eyed_soul,-9.09242,4.254874,23.358606
en:Indie_music,15.072756,-28.85923,2.5656664
en:Indietronica,-3.3787467,-9.291588,-21.886353
en:Neo-classical_metal,2.410713,26.28502,-1.8151107
nl:Breakbeat,-11.404108,10.836867,-14.865326
en:Bebop,-3.9492648,15.589522,19.998327
fr:Dub,-16.472534,5.912355,-10.91933
en:Deep_house,-21.748835,-2.8267596,-14.282719
en:Folk_music_of_Ireland,5.314689,-13.587829,12.436347
en:Hardcore_Hip_Hop,-21.025911,16.500225,-6.4819107
fr:Neue_Deutsche_Härte,0.6349743,19.641163,-5.3073177
es:Hip_house,-22.975218,2.3641808,-14.393447
en:Southern_rock,10.597307,-3.7856915,23.50835
nl:Palm_Desert_Scene,14.029025,-3.0975592,17.023125
es:Neofolk,11.771754,-18.776852,13.462605
ja:カントリー・ミュージック,4.424808,-8.650995,22.19784
fr:Breakcore,-12.212907,5.133374,-16.52123
es:Salsa,-15.710929,-14.157577,16.691263
fr:Rock_celtique,6.052955,-8.873134,12.009887
ja:ポピュラー音楽,-2.2997699,-10.478456,3.8050308
fr:Indie_Rock,13.080647,-26.128397,-1.0218554
nl:Nu_metal,4.227483,20.494469,-0.017912215
es:UK_garage,2.373195,-11.529474,-31.07535
en:K-pop,-10.261636,-25.292034,-1.8245046
nl:Alternative_rock,10.887064,14.1708145,12.197162
en:Progressive_house,-20.009321,-4.6197205,-21.748627
en:G-Funk,-14.507314,23.274399,9.336441
es:Rock_electrónico,1.859248,-0.3577699,-10.163677
en:Orchestral,-2.5067592,1.1315256,4.640498
es:Ambient,-4.6137486,2.589033,-15.452545
es:Pop-rock,7.7054977,-14.690208,-2.365261
en:Noise_rock,8.291633,-10.367384,-11.839114
en:Contemporary_classical_music,-3.8665488,-2.1490633,9.037153
es:Speed_metal,9.591901,30.453804,2.4844291
es:Epic_metal,8.019402,25.481972,3.6526728
nl:New_wave,4.344867,-4.570703,-18.920218
en:Rock_en_español,-5.020039,-10.502498,15.521582
cs:Blues,1.8812376,4.522746,23.786602
cs:Country,4.0897355,-7.6583786,23.634718
en:Alternative_dance,-9.690941,-13.836768,-7.9548087
en:Freakbeat,13.396556,-4.290033,-12.223848
fr:Smooth_jazz,-12.551978,15.228482,15.096294
es:Roots_rock,13.379709,-8.980453,18.971102
en:Horror_punk,24.47126,5.2722983,-9.944369
en:Garage_rock_revival,6.2478538,-8.105421,-30.642052
en:Grunge,13.927175,-14.551731,-22.485886
es:Crunk,-15.060271,15.176657,-1.6883962
es:Post-punk_revival,9.305797,-4.318338,-16.410072
es:Roots_reggae,-24.056705,-1.1825205,16.73083
en:UK_garage,2.4076102,-11.508954,-31.087427
fr:Blue-eyed_soul,-9.956198,4.4947305,23.616236
ja:プログレッシブ・ロック,9.543252,4.7791023,-0.9595454
cs:Jazz_fusion,-4.43145,14.790405,6.085634
en:Spoken_word,-14.087275,-1.4783497,-0.09132482
es:Emo,18.667059,6.1708,-23.314531
fr:Nu_soul,-10.36949,0.37984884,19.088993
es:Country,3.6620896,-9.018003,23.852999
es:Folk_rock,12.545785,-13.525777,14.448723
en:Electro-industrial,-7.7180843,-4.462983,-14.913411
cs:Klasická_hudba,-1.798173,-4.0335255,7.3638372
nl:Postpunkrevival,9.2677145,-3.3347578,-15.808593
en:House_music,-17.973375,-2.0435357,-15.8860445
en:Folk_rock,11.4450035,-14.697452,14.746435
cs:World_music,-8.243257,-7.180616,5.6714444
ja:ダンス,-6.335105,-10.798152,-5.0918293
nl:Kerstmuziek,-2.2692425,-11.476115,8.452798
fr:Rap-rock,-9.82893,18.5611,-0.63691354
es:Post-Hardcore,9.709074,8.395908,-21.938576
es:Latin,-7.419961,-14.109038,19.616789
en:New_prog,8.990249,6.1274047,2.051028
ja:インダストリアル,-5.9651737,18.675453,-12.009351
nl:Symphonic_metal,4.4479237,26.510395,11.80072
en:Dance_rock,-5.179287,-12.238544,-12.606241
fr:Gothic_rock,26.863304,7.985476,-5.871008
fr:Country_pop,6.2903724,-11.163867,20.218903
en:Soul_blues,-0.35246706,5.614339,23.377056
en:European_classical_music,-3.9483945,-4.850779,8.553474
ja:トランス,-16.426899,-8.906546,-19.551878
fr:Musique_alternative,11.555409,10.296086,14.102721
en:Disco,-16.75246,-14.212177,-12.613343
fr:Rock_alternatif,10.136541,12.5845375,13.645985
fr:Chanson_italienne,-1.1526229,-6.5474157,7.3042116
fr:Pop_Punk,20.555822,1.578596,-18.113688
fr:Deathgrind,15.953362,15.355748,-15.298576
en:Political_hip_hop,-22.740026,13.103753,1.0690235
fr:Shibuya-kei,-9.103391,-26.105547,4.333586
es:Electro-pop,-6.480982,-3.6428032,-25.933882
ja:エモ,17.699743,6.0486164,-22.293602
en:Big_band_music,-9.244004,5.853266,4.626457
fr:Jazz-rock_fusion,-2.982697,14.381455,8.261646
nl:Psychedelische_muziek,17.361458,-4.3725457,-4.740793
es:Trip_rock,-25.6099,1.4215051,-6.2530837
es:Unblack_metal,15.310502,18.940891,1.3160706
en:Hard_Rock,18.431845,1.5284137,4.392165
es:Rumba,-17.690231,-14.697176,18.177124
nl:Stonerrock,19.366014,4.2027826,-2.2317984
es:Post-grunge,15.823045,-15.081112,-21.278807
es:Hard_bop,-5.232754,16.55234,22.565048
en:Celtic_punk,19.864681,-1.7473141,-11.527442
en:Latin_Alternative,-3.1988492,-14.761727,17.242285
en:Country_blues,1.6714025,7.085096,24.55888
en:Oldschool_jungle,-14.156344,3.380668,-5.16331
es:Alternativo,12.964001,11.428685,14.128452
es:Acid_jazz,-9.806619,13.906167,10.722699
es:Balada_romántica,-2.8304143,-18.86077,11.30966
en:Vocal_jazz,-5.8549256,10.423109,8.048032
ja:パンク・ロック,17.389143,-2.9597595,-17.654602
en:Dancehall,-23.303617,-6.6390495,14.199922
fr:Grunge,13.810706,-14.537287,-21.453737
ja:グランジ,13.543332,-14.625921,-20.519346
es:Música_electrónica_de_baile,-9.163966,-8.872374,-9.4964285
nl:Doo-wop,-16.608118,0.3001981,16.450602
en:Ragtime,-10.634628,4.2077875,10.970907
es:Ranchera,-12.752506,-14.117222,23.319614
en:Acoustic_music,-4.303238,6.110463,-7.590369
nl:Schlager,-7.78624,-21.867668,-12.371173
fr:Métal_progressif,7.990957,26.033436,-5.7541976
fr:Electropop,-3.1874006,-6.357711,-24.19121
es:Death_metal_técnico,13.036839,23.339956,-7.1381574
fr:Power_Metal,10.383609,26.600824,3.4279943
cs:Rap,-21.750557,13.860362,-1.9714566
ja:ハウス,-18.625498,-1.5050997,-15.317443
es:Música_beat,-16.067305,4.3659153,5.5628657
es:Post-punk,13.27922,-4.249479,-13.820374
es:AOR,14.486707,-9.089911,2.0683818
en:Jazz_rock,-6.198018,14.225441,7.7143984
en:Hip_Hop,-27.715382,11.230126,-2.8021994
es:Synth-pop,-4.8830748,-4.756882,-23.712334
es:Death_metal_melódico,15.759224,20.856966,-9.334652
en:Industrial_music,-6.142415,19.311136,-12.765419
en:Merengue_music,-16.311117,-11.968953,17.401155
ja:アバンギャルドメタル,1.7518741,12.062384,-1.2481818
en:Independent_music,15.178013,-28.77406,3.1092126
en:Music_in_Japanese_animation,-7.3364263,-18.495665,2.7196412
en:New_wave,5.550287,-5.151882,-18.97413
es:Jazz,-7.9426117,9.830691,10.717982
en:Electronic_music,-5.0004544,-1.1691847,-6.9260263
es:Indie_pop,10.124624,-26.192886,0.98850715
nl:Keltische_muziek,4.3398666,-10.767824,12.002781
fr:Country,5.141174,-9.548467,23.805405
en:French_rock,9.842578,-6.658235,6.7148905
nl:Nu-metal,4.229448,20.494465,-0.017241599
cs:Trance,-15.260734,-8.54711,-19.854855
fr:Enka,-11.699419,-19.717669,3.8549047
ja:コンテンポラリー・R&B,-16.237568,-1.3142003,5.7610927
en:Jazz_fusion,-5.4110966,15.382975,7.460357
en:Rock_'n'_roll,14.461238,-0.31030592,12.677612
en:Musical_theatre,-0.6095405,-4.2692947,2.2603674
fr:Jazz_rap,-12.228574,10.984354,6.3280163
en:Mariachi,-12.934246,-15.648842,20.076572
nl:Countryrock,7.6054487,-9.264779,23.395624
nl:Skatepunk,20.160973,-2.0972214,-22.571434
es:Rhythm_and_blues,-15.237376,0.091698214,10.58979
es:Pop_music,2.5111942,-15.207113,-4.2396393
es:Space_rock,7.600616,6.0951066,-7.5488563
es:Teen_Pop,1.1011617,-19.944279,-8.40733
nl:Progressieve_rock,11.127008,6.5559316,-0.100317165
en:Rock_and_roll,13.54153,-0.62899226,11.802236
cs:Metalcore,11.637721,16.724667,-18.085316
nl:Post-hardcore,8.910615,7.1925874,-23.03871
en:Rock_opera,4.0310826,1.8733708,4.8485627
en:Cantopop,-6.2263155,-24.575195,-3.522073
en:Smooth_Jazz,-12.640641,14.3709,15.466897
en:Western_music,1.5149279,-8.61133,23.079695
en:Folk-rock,11.39674,-14.3771,15.062558
en:Jazz-rock,-6.198018,14.225441,7.7143984
es:Vallenato,-17.416832,-11.071411,20.347897
es:Black_metal,11.752353,19.914942,-0.7411184
fr:Hip-hop,-22.894804,10.85562,-3.1572149
es:Indie_Rock,13.4777155,-26.165125,1.0927112
en:Minimal_techno,-10.453332,0.36199215,-12.505524
en:Electronic_body_music,-7.9302316,-4.4514666,-15.065309
es:Afrobeat,-28.21211,-3.9688418,15.09496
en:Skiffle,-2.2245314,31.426924,-32.654774
fr:Black_metal_symphonique,7.4117007,23.24519,9.554958
es:Dub,-16.914219,5.8263474,-11.33188
es:Música_folclórica,4.2400775,-17.034391,13.506735
en:Jazz_blues,1.5247841,7.6513653,22.899485
es:Blues,1.5904074,5.127212,23.59607
en:Anison,-7.935761,-18.156885,3.5329854
fr:Hi-NRG,-15.385091,-17.322512,-0.9494228
ja:メタルコア,11.127142,16.464117,-17.69309
es:Bandas_sonoras,-2.0845578,-5.242417,-1.5350184
en:Chanson,-1.470816,-21.95003,18.996195
fr:Musique_arabe,-7.7011724,-7.5229964,10.968219
es:Pop_rap,-30.728718,5.493283,-0.26846066
en:Indie_folk,13.435574,-16.544537,10.971109
cs:Dance,-8.399596,-13.987926,-6.5516443
es:Rock_indie,12.929631,-26.92238,1.5383794
es:Power_Pop,12.607304,-16.275862,-7.020026
en:Glam_punk,23.893972,-10.369147,2.8380322
en:Crossover_thrash,4.6961226,13.90881,-15.620431
en:Japanese_hip_hop,-25.394926,10.487646,-1.1094762
fr:Midwest_rap,-31.361824,10.583427,6.2234564
fr:Crossover_thrash,4.473652,13.87502,-16.304865
fr:Electro_house,-16.481844,-0.049561206,-18.275402
en:Boogie,3.830928,6.5333495,15.725619
es:Rock_pop,6.894557,-13.4546,-3.0362165
es:Noise,6.422197,-11.699151,-12.877724
es:Big_room_house,-20.72895,-2.7651885,-16.935863
fr:Musique_irlandaise,5.0601554,-13.189437,12.451561
en:Tech_house,-16.446972,-0.8382129,-13.478183
fr:Deep_house,-21.697605,-3.1426852,-14.122738
es:Música_soul,-6.415702,2.790308,19.358925
cs:Avantgardní_hudba,-1.0546244,11.385179,3.8616526
es:Drum_and_bass,-14.624684,4.9993625,-5.654517
es:Crust_punk,13.353821,7.582348,-15.45257
es:Dance-rock,-9.055412,-10.046536,-10.592145
ja:ノイズミュージック,6.9031925,-11.76086,-13.129872
es:Downtempo,-7.767038,7.66842,-14.754652
en:Alternative_music,11.892067,13.558161,14.716672
es:R&B_contemporáneo,-16.516045,-2.4159374,5.9479427
fr:Skate_punk,19.950644,-2.4195545,-22.441772
en:Berlin_School_of_electronic_music,-4.374063,-2.0620828,-5.029983
nl:House,-18.79428,-2.7407103,-14.991236
fr:Raï,-14.887782,-4.7329483,10.567536
en:Garage_rock,6.1274085,-9.064574,-31.015728
en:Hardcore_Punk,11.864727,5.988677,-20.13508
en:Heavy_metal_music,9.81518,22.255896,0.046243124
es:Pop_Punk,21.294489,0.8145971,-17.286203
es:Bossa_nova,-10.876997,-6.1399703,17.465742
cs:Roots_rock,9.661092,-7.627931,22.174578
ja:パンクロック,17.389114,-2.9597387,-17.654646
nl:Urbanpop,-16.919268,-1.975962,4.966541
es:Pop_sueco,8.617434,-6.670314,5.077988
fr:Néo-prog,9.064593,9.289773,-0.9924005
fr:Indie,14.438714,-28.625843,0.5561988
en:G-funk,-14.507314,23.274399,9.336441
en:Ambient_techno,-7.6457076,0.68203884,-14.839868
fr:Acid_rock,16.719936,-0.8940428,-1.7631294
es:J-Rock,-6.969838,-22.47937,5.6851315
es:Neopsicodelia,14.717294,-4.7703714,-8.03011
en:Instrumental,-7.6423545,9.536712,-2.426162
nl:Soul,-6.8520594,3.4835048,17.815699
fr:Rock_expérimental,1.2172135,6.5760098,-1.531472
fr:Musique_classique,-1.5073887,-4.647757,7.981583
en:Death-doom,17.346859,15.727006,-5.76153
en:Avant-pop_music,0.41749045,10.695605,4.71841
es:Folktronica,14.807032,-21.145237,10.678722
es:G-funk,-15.317758,22.766336,8.964942
ja:日本のロック,-6.1851344,-22.004148,6.5378795
es:Música_clásica_contemporánea,-2.4758356,-1.8309606,9.527289
ja:オルタナティブ・ロック,8.00415,14.521794,14.085464
en:Metalcore,10.641605,15.840263,-17.892488
en:Traditional_pop_music,4.05729,-21.427017,-2.2194204
en:Lo-fi,-18.340351,-17.001743,-0.6695865
en:Math_rock,8.934528,-0.7006192,0.41831586
ja:ダブ,-16.774096,6.3953295,-10.608301
ja:ブルー・アイド・ソウル,-9.531638,4.9538946,22.716442
en:Musique_concrète,-1.8842677,1.6377716,-2.5835307
es:Música_cristiana,1.3177325,-2.0336814,14.180701
es:Rock_ácido,16.861622,-0.7994692,-1.646902
es:Oshare_Kei,-8.211773,-26.866844,3.4745562
en:Vocal_music,-6.6512256,9.329211,-0.97155917
es:East_Coast_rap,-30.216719,8.673576,9.168704
es:Anti-folk,10.913839,-18.263514,16.766722
es:Heavy_metal,7.804392,22.067066,0.7717629
fr:Metal_gothique,28.812515,9.575598,-1.9401411
cs:Art_rock,5.186016,3.9627943,-1.5808377
en:Dance-pop,-4.3525434,-14.231655,-8.452577
nl:Symfonie,0.27065068,-1.1371838,5.926162
en:Southern_metal,11.141176,-3.1044552,23.746572
ja:ポップ・ロック,9.664709,-17.046183,-2.9074252
nl:Beatmuziek,-16.88007,4.3372965,5.703813
fr:Doo-wop,-15.711002,-0.006613402,16.223164
en:Ragga,-25.114817,-5.7042446,12.395319
cs:Bluegrass,8.068079,-13.098139,26.072824
nl:Dance,-6.643141,-8.723514,-9.274844
en:Oi!,25.16411,-2.4472404,-8.104365
